"name","alt.name","venue"
"4-H Real Madrid B00","4-H 00B Real Madrid","Win OYS B00 Division 1 White"
"AC Brea B00","AC BREA B00 (CAS)","Surf Cup Super Black U17"
"AC Brea B00","AC BREA B00 (CAS)","NV Players Showcase Mirage U17"
"AC Brea Red B00","AC BREA B00 Red","FWRL CAS B00"
"Academia de Futebol ADF B00","ACADEMIA DE FUTEBOLTRAINING ADF 00 (OR)","Nike Crossfire Challenge Super Group U17"
"Academia de Futebol ADF B00","ADF 00B FWRL","FWRL B00"
"Academia de Futebol ADF B00","ADF 00B FWRL","Win OYS B00 Premier"
"Academia de Futebol ADF B00","ADF 00B FWRL","OYS State Cup B00"
"Academia Leon B00","Academia Leon FC 00B","Win OYS B00 Division 1 Green"
"Ajax East Bay B00","AJAX EAST BAY AEB 00B","FWRL CAN CRL U17"
"Albion SC Academy B00","ALBION SC 2000 ACADEMY (CAS)","Surf Cup Super White U17"
"Albion SC Academy B00","ALBION SC 2000 ACADEMY (CAS)","Surf College Showcase Super Black U17"
"Albion SC Academy B00","Albion SC B00 Academy - Brown","FWRL CAS B00"
"Albion SC Academy B00","ALBION SC 2000 ACADEMY (CAS)","NV Players Showcase Mirage U17"
"Albion SC Academy B00","ALBION SC ACADEMY B00 (CAS)","Albion Cup 2000 Showcase U17"
"Albion SC Academy I B00","Albion SC 2000 Academy I(CAS)","Americas Cup BU17"
"Albion SC Academy I B00","ALBION SC 2000 ACADEMY 1 (CAS)","NV Players Showcase Mirage U17"
"Albion SC Academy I B00","ALBION SC 2000 ACADEMY I (CAS)","Surf Cup Black U17"
"Albion SC Academy I B00","ALBION SC 2000 ACADEMY I (CAS)","Surf College Showcase Super Black U17"
"Albion SC Academy I B00","ALBION SC ACADEMY I B00 (CAS)","Albion Cup 2000 Showcase U17"
"Albion SC OC Academy B00","ALBION SC - OC ALBION SC- OC ACADEMY B00 (CAS)","Albion Cup 2000 Showcase U17"
"Albion SC OC B00","ALBION OC B00 (CAS)","NV Players Showcase MGM U17"
"Albion SC OC Premier B00","ALBION SC - OC PREMIER B00 (CAS)","Albion Cup 2000 Showcase U17"
"Albion SC Premier B00","ALBION SC PREMIER B00 (CAS)","Albion Cup 2000 Cup U17"
"Albion SC Premier II B00","ALBION PREMIER - GONZALEZ (CAS)","Albion Cup 2000 Cup U17"
"Alianza YSF FC B00","ALIANZA/YSF FC (CAN)","Surf College Showcase Black U17"
"Alum Rock PAC Arsenal B00","ALUM ROCK YSL AR ARSENAL","FWRL CAN CRL U17"
"Anaheim FC PDA B00","ANAHEIM FC PDA B2000","NHB Cup Flight 1"
"Anaheim FC PDA B00","ANAHEIM FC PDA 2000 (CAS)","NV Players Showcase Mirage U17"
"Anaheim FC PDA B00","ANAHEIM FC PDA 2000 (CAS)","Manchester City Cup Gold U17"
"ANSFE South Florida Elite Red B00","ANSFE SOUTH FLORIDA ELITE FC 2000 RED (FL)","NV Players Showcase Mirage U17"
"Arizona Arsenal Premier Teal B00","Arizona Arsenal 00 Premier Teal Boys","Nomads Thanksgiving 1st Division U17"
"Arizona Arsenal Premier Teal B00","AZ ARSENAL 00 PREMIER TEAL (AZ)","NV Players Showcase Mirage U17"
"Arsenal FC Academy USSDA B00","ARSENAL FC USSDA 2000 ACADEMY (CAS)","Surf Cup Super Black U17"
"Arsenal FC B00","Arsenal FC B00 FC - Ushurhe","SCDL Fl1 U17"
"Arsenal FC Pre-Academy B00","ARSENAL B00 ARSENAL PRE ACADEMY (CAS)","NV Players Showcase MGM U17"
"Arsenal FC West B00","Arsenal FC B00 FC West","SCDL Fl1 U17"
"ASE Emerald B00","ASE B00 EMERALD - STOUT","Central WA Super Cup Boys U17 Gold"
"ASE Emerald B00","ASE B00 Emerald Stout","PSPL WSPL 1 U17"
"ASE Emerald B00","ASE B00 EMERALD (WA)","WA Cup HS Gold U17"
"Atlante San Diego FC Academy B00","Atlante San Diego FC Academy","Nomads Thanksgiving 1st Division U17"
"Atletico Santa Rosa Barcelona B00","ATLETICO SANTA ROSA BARCELONA (CAN)","Surf Cup Super Black U17"
"Atletico Santa Rosa Barcelona B00","ATLETICO SANTA ROSA 2000 A (CAN)","Surf College Showcase Super White U17"
"Atletico Santa Rosa Cosmos B00","ATLETICO SANTA ROSA COSMOS (CAN)","Timbers Winter Showcase 2000 Showcase U17"
"Avalanche FC Apex College Prep B00","AFC APEX College Prep 00","Nomads Thanksgiving 1st Division U17"
"Avanti United B00","Avanti United B00","Xtreme Cup BU17"
"AVFC Predators B00","AVFC Predators","Nomads Thanksgiving 1st Division U17"
"Aztecs FC Elite Academy B00","Aztecs Elite Academy","Nomads Thanksgiving 1st Division U17"
"Aztecs FC Texas B00","AZTECS FC AZTECS 01B (TXN)","Surf Cup White U17"
"Ballistic United SC Premier B00","BALLISTIC UNITED SC BUSC 00 PREMIER (CAN)","Carlsbad Nov Nights College Showcase Elite U17"
"Ballistic United SC Premier B00","BALLISTIC UNITED SC BUSC 00 PREMIER (CAN)","NV Players Showcase MGM U17"
"Baltimore Bays B00","BALTIMORE BAYS 00/01 (MD)","Surf Cup Super Black U17"
"Baltimore Bays B00","BALTIMORE BAYS BAYS 00 (MD)","NV Players Showcase USYS National League U17"
"Baltimore Bays B00","Baltimore Bays 00 (MD)","USYS National League U17"
"Baltimore Celtic SC B00","Baltimore Celtic SC 2000 (MD)","USYS National League U17"
"Bay City SC B00","Bay City S.C. 00","Nomads Thanksgiving 1st Division U17"
"BCT Inter B00","60 BCT Inter","Baker Blast U16-17"
"Beach FC B00","BEACH FC CHIRGWIN B00 (CAS)","NV Players Showcase Mirage U17"
"Beach FC B00","Beach FC B00 Chirgwin","SCDL Fl1 U17"
"Bellevue United Select B00","Bellevue United FC Vaughn B00 - BU17","Founders Cup B00 Div A"
"Bellevue United Select B00","BU FC B00","Blast Off B2000 B"
"Bellevue United Select B00","BUFC Select B00 Mulfinger","NPSL Division 2 (00) U17"
"Bend FC Timbers Red B00","BFCT 2000 Boys","Beaverton Cup BU17 Silver"
"Bend FC Timbers Red B01","BEND FC TIMBERS BFCT 01B RED (USA)","Bend Premier Cup Timbers Super Group (U16/U17) U17"
"BIFC White B00","Bainbridge Island FC White B00","NPSL Division 1 (00) U17"
"BIFC White B00","Bainbridge Island FC. FC White B00","River Jam Samba U17"
"BIFC White B00","Bainbridge Island FC White B00","Seattle United Cup BU17"
"BIFC White B00","BAINBRIDGE ISLAND FCFC WHITE B00","Snohomish United Invit Gold"
"BIFC White B00","Bainbridge Island FC White B00","Founders Cup B00 Div A"
"Black Hills Rapids Burgundy B00","BLACK HILLS RAPIDS BURGUNDY 00/01 (SD)","NV Players Showcase Mandalay Bay U17"
"Black Watch Premier B00","BLACK WATCH PREMIER DUNDEE (NYE)","Surf Cup Black U17"
"Blackhills FC Black B00","BLACKHILLS FC B 00 BLACK A (WA)","Nike Crossfire Challenge Gold Group U17"
"Blackhills FC Black B00","36 Blackhills FC B00 Black","Pacific Coast Challenge U16-17"
"Blackhills FC Black B00","Blackhills FC B00 Black A","RCL B00 Div 3"
"Blackhills FC Black B00","Blackhills FC B00 Black","PacNW Winter Classic Premier U17"
"Blackhills FC Black B00","Blackhills FC B00 Black A","WYS Championship B00"
"Blue FC Navy B00","Blues FC 00B Navy","Nomads Thanksgiving 1st Division U17"
"Boise Nationals Timbers Blue B00","BOISE NATIONALS U16 B BNSC ARSENAL (ID)","Showcase of Champions Boys U17 Diamond U17"
"Boise Nationals Timbers Blue B00","BOISE NATIONALS TIMBERS U17 2000 BLUE (ID)","Timbers Winter Showcase 2000 Showcase U17"
"Boise Nationals Timbers Blue B00","BOISE NATIONALS TIMBERS U17 2000 BLUE (ID)","NV Players Showcase MGM U17"
"Boise Nationals Timbers Blue B00","BOISE NATIONALS TIMBERS U17 2000 BLUE (ID)","ID State Cup Boys U17 U17"
"Boise Nationals Timbers Blue B01","BOISE NATIONALS SC MADRID (ID)","Showcase of Champions Boys U17/16 Diamond U17"
"Boise Nationals Timbers Red B00","BOISE NATIONALS TIMBERS U17 2000 RED (ID)","NV Players Showcase Mandalay Bay U17"
"Boise Nationals Timbers Red B00","BOISE NATIONALS TIMBERS U17 2000 RED (ID)","ID State Cup Boys U17 U17"
"Breakers Red B01","BREAKERS FC B01 BREAKERS FC RED-STRASSER (WA)","River City Cup U16-U17 Boys ('01/'00) U17"
"Breakers White B00","BREAKERS B'00 WHITE (WA)","WA Cup HS Bronze U17"
"BRYC Elite B00","BRYC 00 Elite (VA)","USYS National League U17"
"BSC Portland Black B00","BSC Portland 00B Black FWRL","FWRL B00"
"BSC Portland Black B00","BSC Portland 00B Black FWRL","Win OYS B00 Premier"
"BSC Portland Black B00","BSC Portland 00B Black FWRL","OYS State Cup B00"
"BYE","1st Place","Skagit Firecracker Gold U17"
"BYE","2nd Place","Skagit Firecracker Gold U17"
"BYSL Ballistic SC B00","BYSL BALLISTIC (ID)","PVSC Spring Classic BU17 U17"
"BYSL Elite United B00","BYSL ELITE UNITED '00 BOYS (ID)","Canyon Rim Classic U16-17B U17"
"BYSL Elite United B01","BYSL ELITE UNITED '01 BOYS (ID)","Canyon Rim Classic U16-17B U17"
"BYSL Elite United B01","BYSL ELITE UNITED (ID)","PVSC Spring Classic BU17 U17"
"Cal Odyssey South Earthquakes Black B00","CALIFORNIA ODYSSEY SOUTH B00 BLACK","NorCal NPL 00 NPL 1 East"
"California Football Academy B00","CFA CALIFORNIA FOOTBALL ACADEMY CFA B00 BIRD (CAS)","NV Players Showcase MGM U17"
"CAN Timbers B00","TIMBERS 00B","FWRL CAN CRL U17"
"Capital FC Timbers Red B00","CFCT 2000 Boys Red","Beaverton Cup BU17 Silver"
"Capital FC Timbers Red B00","CAPITAL FC TIMBERS 2000 BOYS RED (OR)","Oswego Nike Cup U17 Boys U17"
"Capital FC Timbers Red B00","Capital FC Timbers 00B Kagey","Win OYS B00 Division 1 Green"
"Cascade FC Green B00","CASCADE FC B2000 (USA)","Bend Premier Cup Timbers Super Group (U16/U17) U17"
"Cascade FC Green B00","Cascade FC B2000","PSPL Classic 2 U17"
"Cascade FC Green B00","Cascade B00","PacNW Winter Classic Premier II U17"
"Cascade FC Green B00","CASCADE FC B2000 (OR)","WA Cup HS Silver U17"
"Cascade Rush Steelheaders B01","CASCADE RUSH RUSH STEELHEADERS JR (OR)","Bend Premier Cup Timbers Super Group (U16/U17) U17"
"CASL Red North B00","CASL Red 00 North (NC)","USYS National League U17"
"Castro Valley SC Academy B00","CASTRO VALLEY SC CVM ACADEMY (CAN)","Albion Cup 2000 Showcase U17"
"CCB Elite B00","55 CCB Elite 00","Baker Blast U16-17"
"CCSA NPL B00","CCSA 2000B NPL","Nomads Thanksgiving 1st Division U17"
"CCV Stars Black B00","CCV STARS 00 BOYS","FWRL Desert 2000 U17"
"CCV Stars Black B00","CCV STARS 00 BOYS","NHB Cup Flight 1"
"CDA Slammers B00","CDA Slammers FC - Tustin B00 Flor","SCDL Fl1 U17"
"CDA Slammers Nacional B00","CDA SLAMMERS FC B00 NACIONAL (CAS)","NV Players Showcase MGM U17"
"CDA Slammers Nacional B00","CDA Slammers FC - Whittier Escorcia Nacional B00","SCDL Fl1 U17"
"CDA Slammers Nacional B00","CDA SLAMMERS FC B00 NACIONAL (CAS)","Albion Cup 2000 Showcase U17"
"Celtic Academy B00","CELTIC ACADEMY 1888 B00 (CAS)","NV Players Showcase Mandalay Bay U17"
"Central WA SA Navy B00","CWSA B00 Navy","PSPL WSPL 1 U17"
"Central WA SA Navy B00","Central Washington Sounders","US Club Regionals 2000"
"Central WA SA Navy B00","CW Sounder","PacNW Winter Classic Premier U17"
"Central WA SA Navy B00","CENTRAL WASHINGTON OLD ACCT DO NOT USE (WA)","WA Cup HS Gold U17"
"Central WA SA White B00","CENTRAL WASHINGTON SOUNDERSCWS B00 WHITE","Central WA Super Cup Boys U17 Gold"
"Central WA SA White B00","CWS B00 White","Eastside FC Cup BU17"
"Central WA SA White B00","CWSA B00 White CWS","PSPL Classic 1 U17"
"CGA Academy SC Elite B00","CGA ACADEMY SC ELITE (ID)","PVSC Spring Classic BU17 U17"
"CGA Academy SC Elite B00","CGA ACADEMY SC ELITE (ID)","ID State Cup Boys U17 U17"
"Chelsea SC Blue B00","Chelsea SC B00 Blue","SCDL Fl1 U17"
"Coastal FC B00","COASTAL FC (CANADA)","SX Cup Boys U17/18 Premier - Tier 1 U17"
"Coastal FC B00","COASTAL FC 00B (CANADA)","SX Cup Boys U17/18 Premier - Tier 1 U17"
"Coastal FC B00","COASTAL FC 00B (CND)","Surf College Showcase Super White U17"
"Coastal FC B00","Coastal FC","BCSPL 2000 U16"
"Coquitlam Metro Ford Millennium B00","Coquitlam Metro-Ford SC","BCSPL 2000 U16"
"Coquitlam Metro Ford Millennium B00","CMFSC (CANADA)","SX Cup Boys U17/18 Premier - Tier 1 U17"
"Coquitlam Metro Ford Villa B00","CMFSC VILLA (CANADA)","SX Cup Boys U17/18 Gold - Tier 3 U17"
"Corinthians B00","CORINTHIANS SC B00 (CAS)","Surf Cup White U17"
"Corinthians B00","CORINTHIANS SC B00 (CAS)","Carlsbad Nov Nights College Showcase Elite U17"
"Corinthians B00","CORINTHIANS SC B00 (CAS)","Manchester City Cup Silver U17"
"Crescenta Valley SC B00","CRESCENTA VALLEY SC CVSC 00 (CAS)","Surf Cup Super White U17"
"Crescenta Valley SC B00","CRESCENTA VALLEY SC B00 (CAS)","Surf College Showcase Super White U17"
"Crescenta Valley SC B00","CRESCENTA VALLEY SC B00 (CAS)","NV Players Showcase Mirage U17"
"Crescenta Valley SC Blue B00","Crescenta Valley SC B00 Blue","Nomads Thanksgiving 1st Division U17"
"Crescenta Valley SC Blue B00","CRESCENTA VALLEY SC B00 BLUE (CAS)","Manchester City Cup Silver U17"
"Crossfire Oregon Black B00","CROSSFIRE OREGON 2000 BLACK (OR)","Oswego Nike Cup U17 Boys U17"
"Crossfire Oregon Black B00","Crossfire Oregon 00B Black","Win OYS B00 Division 1 White"
"Crossfire Oregon Green I B00","CROSSFIRE OREGON U17 GREEN I (OR)","Nike Crossfire Challenge Super Group U17"
"Crossfire Oregon Green I B00","Crossfire Oregon 00B Green 1","Win OYS B00 Premier"
"Crossfire Oregon Green I B00","Crossfire Oregon 00B Green 1","OYS State Cup B00"
"Crossfire Oregon Green II B00","Crossfire Oregon B'00 Green 2","Rainier Challenge Copa U17"
"Crossfire Oregon Green II B00","Crossfire Oregon 00B Green 2","Win OYS B00 Division 1 Green"
"Crossfire Oregon Green III B00","Crossfire Oregon 00B Green 3","Win OYS B00 Division 1 White"
"Crossfire Premier A B00","CROSSFIRE PREMIER B00 A (WA)","Nike Crossfire Challenge Super Group U17"
"Crossfire Premier A B00","Crossfire Premier B00 A","RCL B00 Div 1"
"Crossfire Premier A B00","CROSSFIRE PREMIER CROSSFIRE B00A (WA)","Showcase of Champions Boys U17 Diamond U17"
"Crossfire Premier A B00","CROSSFIRE PREMIER B00A (WA)","Surf Cup Super Black U17"
"Crossfire Premier A B00","Crossfire Premier B00A Lawrence","US Club Regionals 2000"
"Crossfire Premier A B00","Crossfire Premier B00 A","WYS Championship B00"
"Crossfire Premier A B01","CROSSFIRE PREMIER B01 A HARRIS (WA)","REDAPT Cup Gold U17"
"Crossfire Premier A B01","CROSSFIRE PREMIER B01 A (WA)","Showcase of Champions Boys U17/16 Platinum U17"
"Crossfire Premier B B00","CROSSFIRE PREMIER B00 B (WA)","Nike Crossfire Challenge Gold Group U17"
"Crossfire Premier B B00","Crossfire Premier B00 B","RCL B00 Div 2"
"Crossfire Premier B B00","CROSSFIRE PREMIER B00 B WISKEL (WA)","REDAPT Cup Gold U17"
"Crossfire Premier B B00","CROSSFIRE PREMIER CROSSFIRE B00 WISKEL (WA)","Showcase of Champions Boys U17/16 Diamond U17"
"Crossfire Premier B B00","Crossfire Premier B00 B","WYS Championship B00"
"Crossfire Premier B B01","CROSSFIRE PREMIER B01 B (WA)","Showcase of Champions Boys U17/16 Platinum U17"
"Crossfire Premier C B00","CROSSFIRE PREMIER B00 C (WA)","Nike Crossfire Challenge Silver Group U17"
"Crossfire Premier C B00","Crossfire Premier B00C","Rainier Challenge Copa U17"
"Crossfire Premier C B00","Crossfire Premier B00 C","RCL B00 Div 3"
"Crossfire Premier C B00","CROSSFIRE PREMIER B00C (WA)","REDAPT Cup Silver U17"
"Crossfire Premier C B00","Crossfire Premier B00 C","WYS Presidents Cup B00"
"Crossfire Premier C B00","Crossfire B00 C","PacNW Winter Classic Premier II U17"
"Crossfire Premier USSDA B00","CROSSFIRE PREMIER U17 - JAMES (WA)","Surf Cup Super Black U17"
"Crossfire Reserves -Unk B99","CROSSFIRE RESERVES (USA)","Showcase of Champions Boys U17/16 Diamond U17"
"Crossfire Select Button B00","Crossfire Select B00 Button","Crossfire Select U17"
"Crossfire Select Button B00","Crossfire Select B00 Button","Labor Day Cup BU17 Gold"
"Crossfire Select Button B00","CROSSFIRE SELECT BUTTON B00 (WA)","Nike Crossfire Challenge Silver Group U17"
"Crossfire Select Button B00","CFS B00 Button","RCL B00 Div 4"
"Crossfire Select Button B00","CROSSFIRE SELECT BUTTON B'00 (WA)","REDAPT Cup Silver U17"
"Crossfire Select Button B00","Crossfire Select B00 Button","Friendly"
"Crossfire Select Button B00","Crossfire B00 Button","PacNW Winter Classic Premier II U17"
"Crossfire Select Button B00","CFS B00 Button","WYS Presidents Cup B00"
"Crossfire Select Cantrell B00","CROSSFIRE CFS B00 - CANTRELL (WA)","Bigfoot Gold U17"
"Crossfire Select Cantrell B00","Crossfire Select B00 Cantrell","Crossfire Select U17"
"Crossfire Select Cantrell B00","Crossfire Select B00 Cantrell","NPSL Division 1 (00) U17"
"Crossfire Select Cantrell B00","CFS B00 - Cantrell","Founders Cup B00 Div A"
"Crossfire Select Elder B00","Crossfire Select B00 - Elder","Blast Off B2000 B"
"Crossfire Select Elder B00","Crossfire Select B00-Elder","Crossfire Select U17"
"Crossfire Select Elder B00","Crossfire Select B00 Elder","NPSL Division 2 (00) U17"
"Crossfire Select Elder B00","CFS B00 - Elder","Founders Cup B00 Div A"
"Crossfire Yakima A B00","CROSSFIRE YAKIMA B00A (WA)","Nike Crossfire Challenge Gold Group U17"
"Crossfire Yakima A B00","Crossfire Yakima -B00 A","RCL B00 Div 1"
"Crossfire Yakima A B00","Crossfire Yakima -B00 A","WYS Championship B00"
"Crossfire Yakima A B00","CROSSFIRE YAKIMA CUEVAS (WA)","Nike Crossfire Challenge Super Group U17"
"Crossfire Yakima A B00","Crossfire Yakima Cuevas","US Club Regionals 2000"
"Crusaders CSC Red B00","CRUSADERS SOCCER CSC RED (CAS)","Albion Cup 2000 Cup U17"
"CSC Storm Navy B00","Corvallis SC 00B Navy","Win OYS B00 Division 1 Green"
"CSC Storm Navy B99","CORVALLIS STORM 99B (OR)","Showcase of Champions Boys U17 Diamond U17"
"CSC Storm White B00","Corvallis SC 00B White","Win OYS B00 Division 1 White"
"CUP Gold B00","CUP Gold 00 (OH-S)","USYS National League U17"
"CVM Academy B00","CVM ACADEMY (CAN)","NV Players Showcase MGM U17"
"Dallas Texans North B00","DALLAS TEXANS 00 BOYS NORTH (F:DT WHITE DALLAS 01) (TXN)","NV Players Showcase Mirage U17"
"Davie United Sharks Blue B00","Davie United Sharks Blue (FL)","USYS National League U17"
"Davis Legacy Red B00","DAVIS LEGACY 00 RED (CAN)","Surf Cup Black U17"
"Davis Legacy Red B00","DAVIS LEGACY 00 RED (CAN)","NV Players Showcase Mirage U17"
"De Anza Force SC II B00","De Anza Force 00B II","Nomads Thanksgiving 1st Division U17"
"Del Mar Sharks White B00","DMCV Sharks B2000 - Burson","SCDL Fl1 U17"
"Del Mar Sharks White B00","DMCV SHARKS - BURSON 00-01 (CAS)","Manchester City Cup Silver U17"
"Delaware Rush B00","DELAWARE RUSH DE RUSH 00 BOYS (DE)","NV Players Showcase USYS National League U17"
"Delaware Rush B00","Delaware Rush 00 (DE)","USYS National League U17"
"Desert United B00","DESERT UNITED SC B00 (CAS)","Manchester City Cup Gold U17"
"Downtown LVSC Academy B00","DOWNTOWN LVSC 00 ACADEMY (NV)","Surf Cup Black U17"
"Downtown LVSC Academy B00","DOWNTOWN LVSC 00 ACADEMY","FWRL Desert 2000 U17"
"Downtown LVSC Academy B00","DOWNTOWN LVSC 00 ACADEMY (NV)","NV Players Showcase Mirage U17"
"Downtown LVSC Academy B00","DOWNTOWN LVSC 00 ACADEMY (NV)","Manchester City Cup Gold U17"
"Eagles SC B00","EAGLES (CAS)","Albion Cup 2000 Showcase U17"
"Eastside FC Blue B00","Eastside FC BU00 Robson","Eastside FC Cup BU17"
"Eastside FC Blue B00","Eastside FC B00 Blue C","RCL B00 Div 3"
"Eastside FC Blue B00","EASTSIDE FCEFC B00 BLUE ROBSON","Snohomish United Invit Gold"
"Eastside FC Blue B00","Eastside FC B00 Blue C","WYS Presidents Cup B00"
"Eastside FC Red B00","Eastside FC B00 RED","FWRL B00"
"Eastside FC Red B00","EASTSIDE FC B'00 RED (WA)","Nike Crossfire Challenge Super Group U17"
"Eastside FC Red B00","Eastside FC B00 Red A","RCL B00 Div 1"
"Eastside FC Red B00","EASTSIDE FC B'00 RED (WA)","Surf Cup Super Black U17"
"Eastside FC Red B00","Eastside FC B00 Red A","WYS Championship B00"
"Eastside FC Red B01","Eastside FC Boys 01 Red","Sounders FC Cup BU17"
"Eastside FC Red B99","EASTSIDE FC EFC B99 RED (WA)","Showcase of Champions Boys U17 Diamond U17"
"Eastside FC White B00","Eastside FC B00 White","Eastside FC Cup BU17"
"Eastside FC White B00","Eastside FC Boys 00 White","Rainier Challenge Copa U17"
"Eastside FC White B00","Eastside FC B00 White B","RCL B00 Div 2"
"Eastside FC White B00","EASTSIDE FC BOYS 2000 WHITE (WA)","Showcase of Champions Boys U17/16 Platinum U17"
"Eastside FC White B00","Eastside FC B00 White B","WYS Presidents Cup B00"
"Eastside FC White B00","EASTSIDE FC B00 WHITE B (WA)","Albion Cup 2000 Cup U17"
"EBU Bay Oaks Gold B00","EBU Bay Oaks Gold 00","Nomads Thanksgiving 1st Division U17"
"EBU Bay Oaks Gold B00","EAST BAY UNITED - BAY OAKS SC 00B EBU BAY OAKS GOLD","NorCal NPL 00 NPL 1 West"
"Emerald City FC Green B00","EMERALD CITY FC ECFC M00 GREEN (WA)","Bigfoot Gold U17"
"Emerald City FC Green B00","Emerald City FC M2000 green","PSPL WSPL 2 U17"
"Emerald City FC Green B00","ECFC M2000 Green","US Club Regionals 2000"
"Emerald City FC Green B00","ECFC Green B00","Friendly"
"Emerald City FC Green B00","EMERALD CITY FC ECFC M00 GREEN (WA)","WA Cup HS Silver U17"
"Emerald City FC White B00","Emerald City FC M00 White","PSPL Classic 2 U17"
"Empire SC Orange B00","EMPIRE SC B00 ORANGE (CAS)","Carlsbad Nov Nights College Showcase Elite U17"
"Empire SC Orange B00","EMPIRE SC B00 ORANGE (CAS)","NV Players Showcase MGM U17"
"Escondido SC Black B00","ESCONDIDO SC BOYS 2000-BLACK (CAS)","NV Players Showcase Mandalay Bay U17"
"ETFC Rovers Black B00","ETFC Rovers Black","Beaverton Cup BU17 Gold"
"ETFC Rovers Black B00","EUGENE TIMBERS FUTBOL ETFC 00 ROVERS BLACK (OR)","Timbers Winter Showcase 2000 Showcase U17"
"ETFC Rovers Black B00","ETFC B00 Rovers Black","PacNW Winter Classic Premier U17"
"ETFC Rovers Black B00","ETFC 00B Rovers Black","Win OYS B00 Premier"
"ETFC Rovers Black B00","ETFC 00B Rovers Black","OYS State Cup B00"
"ETFC Rovers Red B00","ETFC Rovers Red","Beaverton Cup BU17 Silver"
"European Football School B00","64 European Football School","Baker Blast Premier U17"
"FC Boulder Elite B00","FC BOULDER 00 BOYS ELITE (U16) (CO)","NV Players Showcase MGM U17"
"FC Dallas Che B00","FC Dallas 00 Che (TX-N)","USYS National League U17"
"FC Dallas Premier B00","FC DALLAS 00B PREMIER (F:01) (TXN)","NV Players Showcase Mirage U17"
"FC Dallas White B00","FC DALLAS YOUTH 00B WHITE (F:01) (TXN)","NV Players Showcase Mirage U17"
"FC Edmonds Fury B00","FC Edmonds BOO","Labor Day Cup BU17 Silver"
"FC Edmonds Fury B00","FC Edmonds Fury","PSPL Classic 2 U17"
"FC Edmonds Fury B00","FC EDMONDS B00 (WA)","WA Rush Cup B00 Silver U17"
"FC Edmonds Fury B00","FC EDMONDS B00 (WA)","WA Cup HS Silver U17"
"FC Elk Grove Platinum B00","FC ELK GROVE 00B PLATINUM (CAN)","NV Players Showcase Mirage U17"
"FC Golden State B00","FC GOLDEN STATE 00 (CAS)","Surf Cup Super Black U17"
"FC Golden State B00","FC GOLDEN STATE 00 (CAS)","Surf College Showcase Super Black U17"
"FC Golden State B00","FC GOLDEN STATE 00","NHB Cup Flight 1"
"FC Golden State Black B00","FC GOLDEN STATE - BLACK B00 WHITE (CAS)","Albion Cup 2000 Cup U17"
"FC Golden State Gold B00","FC GOLDEN STATE OC GOLD B00 GOLD (CAS)","Albion Cup 2000 Showcase U17"
"FC Golden State PDA B00","SJ EARTHQUAKES PDA '00 (CAN)","Surf Cup Super Black U17"
"FC Northwest Neta B00","FC NORTHWEST FCNW NETA (CND)","Surf Cup White U17"
"FC Northwest Neta B00","FC NORTHWEST (CND)","Manchester City Cup Silver U17"
"FC Portland Navy B00","FCP 00B Navy","Beaverton Cup BU17 Gold"
"FC Portland Navy B00","FC PORTLAND ACADEMY 2000B NAVY (OR)","Showcase of Champions Boys U17/16 Diamond U17"
"FC Portland Navy B00","FC PORTLAND ACADEMY FC PORTLAND 00B NAVY (OR)","Timbers Winter Showcase 2000 Showcase U17"
"FC Portland Navy B00","FC Portland 00B NAVY","Win OYS B00 Premier"
"FC Portland Navy B00","FC PORTLAND ACADEMY FC PORTLAND 00B NAVY (OR)","NV Players Showcase MGM U17"
"FC Portland Navy B00","FC Portland 00B NAVY","OYS State Cup B00"
"FC Portland White B00","FCP 00B White","Beaverton Cup BU17 Silver"
"FC Portland White B00","FC PORTLAND ACADEMY FC PORTLAND 00B WHITE (OR)","Timbers Winter Showcase 2000 Showcase U17"
"FC Portland White B00","FC Portland 00B WHITE","Win OYS B00 Division 1 Green"
"FC Pride Elite Red B00","FC PRIDE 00 ELITE RED (IN)","NV Players Showcase MGM U17"
"FC Salmon Creek Juventus B00","FCSC Juventus 00","Labor Day Cup BU17 Gold"
"FC Salmon Creek Juventus B00","FCSC Juventus B2000","PSPL WSPL 1 U17"
"FC Salmon Creek Juventus B00","FCSC Juventus 00","US Club Regionals 2000"
"FC Salmon Creek Juventus B00","SC JUVENTUS 00 (WA)","Timbers Winter Showcase 2000 Showcase U17"
"FC Salmon Creek Juventus B00","SCFC JUVENTUS 00 (WA)","WA Cup HS Gold U17"
"FC Spokane Babinski B00","FC SPOKANE B00 BABINSKI (WA)","River City Cup U16-U17 Boys ('01/'00) U17"
"FC Spokane Babinski B00","FC SPOKANEFC SPOKANE B00 BABINSKI","Spokane Cup Boys U17"
"FC Spokane Triplett B01","FC SPOKANE B01 TRIPLETT (WA)","River City Cup U16-U17 Boys ('01/'00) U17"
"FC West -Unk B00","FC West 00B","Win OYS B00 Division 1 White"
"FDA Australia B00","FDA FOOTBALL DEVELOPMENT AUSTRALIA (AUS)","Surf College Showcase Black U17"
"FLSA Libertyville FC 1974 B00","GLSA LIBERTYVILLE FC 1974 (IL)","NV Players Showcase USYS National League U17"
"FLSA Libertyville FC 1974 B00","Libertyville FC 1974 (IL)","USYS National League U17"
"FME Xtreme B00","FME Xtreme B00","NPSL Division 2 (00) U17"
"FME Xtreme B00","FME Xtreme '00","Xtreme Cup BU17"
"FME Xtreme B01","FME Xtreme B01","KITG BU16-17 Green"
"Foothill Storm SC B00","Foothill Storm SC B00","Nomads Thanksgiving 1st Division U17"
"Foothill Storm SC B00","FOOTHILL STORM SC B00 (CAS)","NV Players Showcase Mandalay Bay U17"
"Force I B00","FORCE 00B I (CAN)","Carlsbad Nov Nights College Showcase Elite U17"
"Forza FC West B00","Forza West 00 LS","Nomads Thanksgiving 1st Division U17"
"FPSC Cougars B00","FPSC Cougars","Labor Day Cup BU17 Silver"
"FPSC Cougars B00","FPSC -Rec B00 Cougars","PSPL Classic 2 U17"
"FPSC Fury Black B00","FPSC FURY B00 BLACK","Central WA Super Cup Boys U17 Gold"
"FPSC Fury Black B00","FPSC Fury B00 Black","Labor Day Cup BU17 Gold"
"FPSC Fury Black B00","FPSC FURY B00 BLACK (WA)","Nike Crossfire Challenge Gold Group U17"
"FPSC Fury Black B00","FPSC Fury B00 Black","PSPL WSPL 1 U17"
"FPSC Fury Black B00","FPSC Fury B00 Black","Rainier Challenge Samba U17"
"FPSC Fury Black B00","FPSC FURY B00 BLACK (WA)","WA Cup HS Gold U17"
"FRAM Premier B00","FRAM LAWSON (CAS)","Surf Cup White U17"
"FRAM Premier B00","FRAM B00-Lawson","FWRL CAS B00"
"FRAM Premier B00","FRAM B00 Lawson","Nomads Thanksgiving 1st Division U17"
"FRAM Premier B00","FRAM LAWSON (CAS)","NV Players Showcase Mirage U17"
"FRAM Premier B00","FRAM LAWSON (CAS)","Manchester City Cup Gold U17"
"Fraser Valley Selects B00","61 Fraser Valley Selects","Baker Blast Premier U17"
"Fraser Valley Selects B00","FRASER VALLEY SELECTS (CANADA)","SX Cup Boys U17/18 Metro - Tier 2 U17"
"Fraser Valley Selects B00","Fraser Valley Premier","BCSPL 2000 U16"
"Freedom FC B00","FREEDOM F.C. B00 (CAS)","NV Players Showcase Mandalay Bay U17"
"Fuerza FC Academy B00","FUERZA FC FUEREZA FC ACADEMY B00/01 (WA)","Bigfoot Gold U17"
"Fuerza FC Academy B00","Fuerza FC Academy B00","PSPL WSPL 2 U17"
"Fuerza FC Academy B00","FUERZA FC FUEREZA FC ACADEMY B00/01 (WA)","REDAPT Cup Gold U17"
"Fuerza FC Academy B00","FUERZA FC FUEREZA FC ACADEMY B00 (WA)","WA Cup HS Gold U17"
"Fullerton Rangers White B00","Fullerton Rangers B00 White","FWRL CAS B00"
"Fullerton Rangers White B00","FULLERTON RANGERS B00 WHITE (CAS)","NV Players Showcase USYS National League U17"
"Fullerton Rangers White B00","Fullerton Rangers 00 White (CA-S)","USYS National League U17"
"Fusion FC B00","FUSION 2000 BOYS (CND)","Surf Cup White U17"
"Fusion FC B00","FUSION FC 2000 BOYS (CND)","Timbers Winter Showcase 2000 Showcase U17"
"Fusion FC B00","Fusion FC","BCSPL 2000 U16"
"Fusion FC B99","FUSION FC 99 BOYS (CANADA)","SX Cup Boys U17/18 Premier - Tier 1 U17"
"Futeca Camp Elite B00","FUTECA CAMP ELITE CAMP ELITE (GUA)","Surf College Showcase Super Black U17"
"FWFC Blue B00","FWFC B00 Blue","Rainier Challenge Copa U17"
"FWFC Blue B00","FWFC B00 Blue (A)","RCL B00 Div 4"
"FWFC Blue B00","FEDERAL WAY FC FWFC B00 BLUE (WA)","REDAPT Cup Silver U17"
"FWFC Blue B00","FWFC B00 Blue","Starfire Spring Classic BU17"
"FWFC Blue B00","FWFC B00 Blue (A)","WYS Presidents Cup B00"
"Gala FC B00","Gala FC 00","Crossfire Select U17"
"Gala FC B00","Gala FC Bu17 2000","PSPL Classic 1 U17"
"Gala FC B00","Gala FC [B00]","Xtreme Cup BU17"
"Gala FC B00","GALA FC U17A (WA)","WA Cup HS Silver U17"
"Galt FC B00","GALT FC UNITED 00 (CAN)","Surf College Showcase Super Black U17"
"Galt FC B00","GALT FCGALT UNITED 00","NHB Cup Flight 1"
"Global Premier Soccer North B00","GLOBAL PREMIER SOCCER GPS NATIONAL TEAM NORTH (MA)","Surf Cup Black U17"
"GOL GSA Premier B00","GSA 00 Premier (GA)","USYS National League U17"
"GS Surf A B00","GS Surf B00 A","FWRL B00"
"GS Surf A B00","GREATER SEATTLE SURF GSS B00 A (WA)","Nike Crossfire Challenge Super Group U17"
"GS Surf A B00","GS Surf B00 A","RCL B00 Div 1"
"GS Surf A B00","GREATER SEATTLE SURF GS 00A (WA)","Showcase of Champions Boys U17 Diamond U17"
"GS Surf A B00","GS Surf B00 A","WYS Championship B00"
"GS Surf A B01","GREATER SEATTLE SURF SCGS SURF B01A","Snohomish United Invit Gold"
"GS Surf B B00","GS Surf B00 B","Labor Day Cup BU17 Gold"
"GS Surf B B00","GREATER SEATTLE SURF GSS B00 B (WA)","Nike Crossfire Challenge Gold Group U17"
"GS Surf B B00","GS Surf B00 B","RCL B00 Div 2"
"GS Surf B B00","GS SURF 00B (USA)","Showcase of Champions Boys U17/16 Diamond U17"
"GS Surf B B00","GS Surf B00 B","WYS Presidents Cup B00"
"GS Surf C B00","GS SURF B00 C (WA)","Oswego Nike Cup U17 Boys U17"
"GS Surf C B00","GS Surf B00 C","RCL B00 Div 3"
"GS Surf C B00","GS SURF B00 C (WA)","REDAPT Cup Silver U17"
"GS Surf C B00","GS Surf B00 C","Seattle United Cup BU17"
"GS Surf C B00","GS Surf B00 C","WYS Presidents Cup B00"
"Guildford Stallions B00","63 GAC Stallions","Baker Blast Premier U17"
"Guildford Stallions B00","SURREY UNITED STALLIONS (CND)","SX Cup Boys U17/18 Gold - Tier 3 U17"
"Harbor Premier Green B00","HARBOR PREMIER B00 GREEN (WA)","Nike Crossfire Challenge Silver Group U17"
"Harbor Premier Green B00","Harbor Premier B00 Green A","RCL B00 Div 4"
"Harbor Premier Green B00","Harbor Premier","Sounders FC Cup BU17"
"Harbor Premier Green B00","Harbor Premier B00","PacNW Winter Classic Premier II U17"
"Harbor Premier Green B00","Harbor Premier B00 Green A","WYS Presidents Cup B00"
"Harbor Premier Showcase B00","HARBOR HSC BOYS COLLEGE SHOWCASE (WA)","Timbers Winter Showcase 2000 Showcase U17"
"Harbor Premier Showcase B00","Harbor Premier BHS Showcase","PacNW Winter Classic Premier II U17"
"Harbor Premier White B01","Harbor Premier B01 White","KITG BU16-17 Green"
"Hawaii Rush Nike B00","HAWAII RUSH SOCCER 2000B (HI)","Surf Cup Black U17"
"Hawaii Rush Nike B00","HAWAII RUSH 00B (HI)","NV Players Showcase MGM U17"
"Heat FC NPL B00","HEAT FC 01/00 NPL (NV)","Surf Cup Black U17"
"Heat FC NPL B00","HEAT FC 00 NPL (NV)","Las Vegas Invit U-16/17 Boys U17"
"Heat FC NPL B00","HEAT FC 00 NPL (NV)","NV Players Showcase MGM U17"
"Heat FC NPL B00","HEAT FC 00 NPL (NV)","Manchester City Cup Gold U17"
"Heritage SC Hotspurs B00","HERITAGE SC 00 BOYS (CAN)","Carlsbad Nov Nights College Showcase Elite U17"
"Highline Premier Heat Blue B00","HPFC HEAT 00","Central WA Super Cup Boys U17 Gold"
"Highline Premier Heat Blue B00","HPFC HEAT 00 (WA)","Nike Crossfire Challenge Gold Group U17"
"Highline Premier Heat Blue B00","Highline Premier FC Heat 00 Blue","PSPL WSPL 2 U17"
"Highline Premier Heat Blue B00","HPFC Heat B00","Starfire Spring Classic BU17"
"Highline Premier Heat Blue B00","HPFC HEAT 00 (WA)","WA Cup HS Gold U17"
"HMMS Eagle FC Titans B00","HMMS Eagle FC 00 Titans (PA-E)","USYS National League U17"
"Honolulu Bulls Kaula B00","BULLS HSC BULLS ACADEMY 01B (HI)","Surf Cup Black U17"
"Honolulu Bulls Kaula B00","BULLS HSC BULLS ACADEMY 00B (HI)","NV Players Showcase Mandalay Bay U17"
"Houstonians FC 01 Red B00","Houstonians 2000 (TX-S)","USYS National League U17"
"HSC Arsenal B00","HSC Arsenal","Beaverton Cup BU17 Gold"
"HSC Arsenal B00","HSC Arsenal","Sounders FC Cup BU17"
"HSC Arsenal B00","HSC 00B Arsenal","Win OYS B00 Premier"
"HSC Arsenal B00","HSC 00B Arsenal","OYS State Cup B00"
"HSC Penerol B00","HSC U17","Sounders FC Cup BU17"
"HSC Penerol B00","HSC 00B Penerol","Win OYS B00 Division 1 Green"
"HSC Penerol B00","HSC 00B Penerol","OYS State Cup B00"
"Idaho Arsenal United Black B00","ARSENAL UNITED BLACK (ID)","ID State Cup Boys U17 U17"
"Idaho Rush Premier B00","IDAHO RUSH PREMIER (2000) (ID)","NV Players Showcase MGM U17"
"Idaho Rush Premier B00","IDAHO RUSH PREMIER (2000) (ID)","ID State Cup Boys U17 U17"
"IE Surf B00","IE SURF PREMIER MU B00 (CAS)","Surf Cup Black U17"
"IE Surf B00","IE SURF PREMIER MU B00 (CAS)","Surf College Showcase Super White U17"
"IE Surf B00","IE SURF PREMIER MU B00 (CAS)","Manchester City Cup Gold U17"
"IEYSA Valor Black B00","IEYSA Valor SC B00 Black","PSPL Classic 1 U17"
"IEYSA Valor Black B00","VALOR SC B00 BLACK","Spokane Cup Boys U17"
"IFC Red B00","IFC B00 SHANE (WA)","Bigfoot Silver U17"
"IFC Red B00","IFC B00 Red/Shane","NPSL Division 2 (00) U17"
"IFC Red B00","IFC B00-Shane","Founders Cup B00 Div A"
"Illinois Raiders FC B00","RAIDERS FC - 2000 (IL)","NV Players Showcase USYS National League U17"
"Illinois Raiders FC B00","Raiders FC (IL)","USYS National League U17"
"Impact FC Black B00","59 CSC Impact FC 00 Black","Baker Blast U16-17"
"Impact FC Black B00","CSC Impact FC B00 Black","Blast Off B2000 B"
"Impact FC Black B00","Impact FC 00 Black","Crossfire Select U17"
"Impact FC Black B00","CSC Impact FC 00 Black","PSPL Classic 2 U17"
"Impact FC Black B00","CSC Impact FC 00 Black","River Jam Samba U17"
"Impact FC Black B00","CASCADE SC CASCADE SOCCER CLUB IMPACT FC 00 BLACK (WA)","WA Cup HS Silver U17"
"Impact MW B00","Impact MW","Nomads Thanksgiving 1st Division U17"
"Impact SC Green B00","IMPACT 00 B GREEN (CAN)","Surf Cup White U17"
"Irvine Slammers B00","Irvine Slammers B00 (CAS)","Americas Cup BU17"
"Irvine Slammers B00","IRVINE SLAMMERS B00 (CAS)","Surf Cup White U17"
"Irvine Slammers B00","Irvine Slammers FC B00 PREMIER Tutton**","SCDL Fl1 U17"
"Irvine Slammers B00","IRVINE SLAMMERS B00 (CAS)","Albion Cup 2000 Showcase U17"
"ISC Gunners A B00","ISC Gunners B00A","Labor Day Cup BU17 Gold"
"ISC Gunners A B00","ISC GUNNERS FC ISC GUNNERS B00A (WA)","Nike Crossfire Challenge Silver Group U17"
"ISC Gunners A B00","ISC Gunners B00A","PSPL WSPL 2 U17"
"ISC Gunners A B00","ISC GUNNERS FC ISC GUNNERS B00A (WA)","WA Rush Cup B00 Gold U17"
"ISC Gunners A B00","ISC Gunners B00A","PacNW Winter Classic Premier U17"
"ISC Gunners A B00","ISC GUNNERS FC ISC GUNNERS B00A (WA)","WA Cup HS Silver U17"
"ISC Gunners B B00","ISC Gunners B00B","Labor Day Cup BU17 Silver"
"ISC Gunners B B00","ISC Gunners B00B","PSPL Classic 2 U17"
"ISC Gunners B B00","ISC Gunners B00B","Sounders FC Cup BU17"
"ISC Gunners B B00","ISC GUNNERS FC ISC GUNNERS B00 B (WA)","WA Rush Cup B00 Silver U17"
"ISC Gunners B B00","ISC GUNNERS FC ISC GUNNERS B00 B (WA)","WA Cup HS Bronze U17"
"Kent United Green B00","KYSA KENT UNITED KENT UNITED B00 GREEN (WA)","Nike Crossfire Challenge Gold Group U17"
"Kent United Green B00","KYSA KENT UNITED B00 GREEN (WA)","Oswego Nike Cup U17 Boys U17"
"Kent United Green B00","Kent United - B00 Green A","RCL B00 Div 3"
"Kent United Green B00","Kent United B00 Green","River Jam Samba U17"
"Kent United Green B00","KYSA KENT UNITED B00 GREEN (WA)","WA Rush Cup B00 Gold U17"
"Kent United Green B00","Kent United B00 Green","PacNW Winter Classic Premier U17"
"Kent United Green B00","Kent United - B00 Green A","WYS Championship B00"
"Kingdom SC Red B00","KINGDOM SC 00 RED (MI)","NV Players Showcase Mirage U17"
"Kitsap Alliance FC Blue B00","KITSAP ALLIANCE FC KITSAP ALLIANCE B2000 BLUE (WA)","Bigfoot Silver U17"
"Kitsap Alliance FC Blue B00","Kitsap Alliance B2000 Blue","Labor Day Cup BU17 Silver"
"Kitsap Alliance FC Red B00","KITSAP ALLIANCE FC B00A","Labor Day Cup BU17 Gold"
"Kitsap Alliance FC Red B00","Kitsap Alliance FC B00 A","RCL B00 Div 2"
"Kitsap Alliance FC Red B00","Kitsap Alliance FC B00 A","WYS Presidents Cup B00"
"Kitsap Alliance FC Red B01","Kitsap Alliance FC B01","PacNW Winter Classic Premier II U17"
"Kitsap Alliance FC White B00","Kitsap Alliance FC B00 B","RCL B00 Div 4"
"Kona Crush B00","KONA CRUSH KCSA00B (HI)","Nike Crossfire Challenge Gold Group U17"
"Kootenay South Storm B00","KOOTENAY SOUTH YOUTH SOCCER ASSOCATION KOOTENAY SOUTH STORM (CND)","River City Cup U16-U17 Boys ('01/'00) U17"
"LA Galaxy Orange County B00","LA GALAXY OC B00 PREMIER TUTTON (CAS)","Manchester City Cup Silver U17"
"LA Galaxy San Diego Elite B00","LA GALAXY SAN DIEGO B2000 ELITE (CAS)","Surf Cup Super Black U17"
"LA Galaxy San Diego Elite B00","LAGSD B00 Elite-Malone/Gurley","FWRL CAS B00"
"LA Galaxy San Diego Elite B00","LA GALAXY SAN DIEGO B00 ELITE/MALONE (CAS)","Carlsbad Nov Nights College Showcase Elite U17"
"LA Galaxy San Diego Elite B00","LA GALAXY SAN DIEGO LAGSD B00 ELITE/MALONE (CAS)","NV Players Showcase USYS National League U17"
"LA Galaxy San Diego Elite B00","LA Galaxy San Diego 2000 Elite (CA-S)","USYS National League U17"
"LA Galaxy San Diego Elite B00","LA GALAXY SAN DIEGO B00 ELITE/MALONE (CAS)","Manchester City Cup Gold U17"
"LA Galaxy San Diego Gold B00","LA GALAXY SD AS LAGSD B2000 GOLD- HINOJOSA (CAS)","Albion Cup 2000 Cup U17"
"LA Galaxy San Diego Premier B00","LA GALAXY SAN DIEGO B00 PREMIER (CAS)","Carlsbad Nov Nights College Showcase Elite U17"
"LA Galaxy South Bay Elite B00","LA GALAXY SOUTH BAY B2000 ELITE (CAS)","Carlsbad Nov Nights College Showcase Elite U17"
"LA Galaxy South Bay Elite B00","LA Galaxy South Bay Boys 2000 Elite","SCDL Fl1 U17"
"LA Galaxy South Bay Elite B00","LA GALAXY SOUTH BAY B2000 ELITE (CAS)","Manchester City Cup Gold U17"
"LA Galaxy South Bay Gold B00","LA Galaxy South Bay Boys 2000 Gold","SCDL Fl1 U17"
"La Morinda SC Navy B00","LAMORINDA SC 00 NAVY BOYS (CAN)","Surf College Showcase Black U17"
"La Morinda SC Navy B00","LAMORINDA SC LAMORINDA FC 00 NAVY BOYS (CAN)","NV Players Showcase MGM U17"
"LA Premier B00","LA PREMIER FC B2000 (CAS)","Surf Cup Super White U17"
"LA Premier B00","LA PREMIER FC B2000 (CAS)","Surf College Showcase Super White U17"
"LA Premier B00","LA PREMIER FC B00 (CAS)","Manchester City Cup Gold U17"
"La Roca Futbol Club Premier B00","LA ROCA FC LA ROCA PREMIER DC","FWRL Desert 2000 U17"
"La Roca Futbol Club South B00","LA ROCA S-EG","NHB Cup Flight 1"
"LA Wolves FC B00","L. A. WOLVES FC (CAS)","Surf Cup Super White U17"
"LA Wolves FC B00","L.A. WOLVES FC","NHB Cup Flight 1"
"Las Vegas Sports Academy Red B00","LVSA '00 BOYS RED","FWRL Desert 2000 U17"
"Las Vegas Sports Academy Red B00","LVSA '00 BOYS RED (NV)","NV Players Showcase Mirage U17"
"Las Vegas Sports Academy Red B00","LVSA '00 BOYS RED (NV)","Manchester City Cup Gold U17"
"Legends FC B00","LEGENDS FC B00FC (CAS)","Surf Cup Black U17"
"Legends FC B00","Legends FC B00FC","Nomads Thanksgiving 1st Division U17"
"Legends FC B00","LEGENDS FC B00FC (CAS)","NV Players Showcase MGM U17"
"Legends FC B00","Legends FC B00 FC","SCDL Fl1 U17"
"Legends FC West Cerritos B00","LEGENDS FC WEST CERRITOS B00 (CAS)","NV Players Showcase Mirage U17"
"Lehigh Valley United Black B00","LEHIGH VALLEY UNITED LVU 2000 BOYS BLACK (PAE)","NV Players Showcase USYS National League U17"
"Lehigh Valley United Black B00","LVU 2000 Black (PA-E)","USYS National League U17"
"Lethbridge B00","LETHBRIDGE U17 BOYS 01/00-GENTILE (CND)","River City Cup U16-U17 Boys ('01/'00) U17"
"Liga Tlaxtli FC Guerreros B00","LTFC Guerros LTFC Guerreros","PSPL Classic 2 U17"
"Los Angeles United FA Pre-Academy B00","Los Angeles United FA B2000 Pre-Academy","SCDL Fl1 U17"
"Los Gatos United Yellow B00","LOS GATOS UNITED 2000 YELLOW","FWRL CAN CRL U17"
"Lou Fusz Geerling White B00","LFSC Geerling (MO)","USYS National League U17"
"Lou Fusz Van Buskirk B00","LOU FUSZ SC - VAN BUSKIRK (MO)","NV Players Showcase Mirage U17"
"Lower Merion SC Sabertooth Rats B00","LOWER MERION SC SABERTOOTH RATS (PAE)","NV Players Showcase USYS National League U17"
"Lower Merion SC Sabertooth Rats B00","LMSC Sabertooth Rats (PA-E)","USYS National League U17"
"Lyons Township SC Showcase B00","LYONS TOWNSHIP LTSC UNION SHOWCASE B00/01 (IL)","NV Players Showcase MGM U17"
"Magic City SC White B00","MAGIC CITY SC WHITE U17 (MT)","PVSC Spring Classic BU17 U17"
"Marin FC Blue B00","MARIN FC B00 BLUE (CAN)","NV Players Showcase Mirage U17"
"Marin FC Blue B00","MARIN FC B00 BLUE","NorCal NPL 00 NPL 1 West"
"McLean Green B00","McLean 00 Green (VA)","USYS National League U17"
"Mercer Island FC Gunners B00","MI Gunners","Eastside FC Cup BU17"
"Mercer Island FC Gunners B00","MIFC B00 Gunners","NPSL Division 2 (00) U17"
"Mercer Island FC Gunners B00","MI Gunners","Xtreme Cup BU17"
"Mercer Island FC Gunners B00","MIFC Gunners 00 - Snyder","Founders Cup B00 Div A"
"Missoula Strikers B00","MISSOULA STRIKERS U16 PREMIER (MT)","Showcase of Champions Boys U17/16 Platinum U17"
"Monterey County FC Elite B00","MONTEREY COUNTY FC ELITE 00B (CAN)","Surf Cup White U17"
"Mountain Home SC Strikers B01","MHSC BOYS '01 U16 (ID)","Canyon Rim Classic U16-17B U17"
"Mountain United B00","Mountain United FC","BCSPL 2000 U16"
"Murrieta Surf White B00","MURRIETA SURF BOO WHITE (CAS)","NV Players Showcase MGM U17"
"Murrieta Surf White B00","Murrieta Surf B00 White","SCDL Fl1 U17"
"MVLA SC Dortmund Blue B00","MVLA 00B DORTMUND BLUE NPL (CAN)","NV Players Showcase Mirage U17"
"MVLA SC Jaguars Blue B00","MVLA JAGUARS 2000B BLUE (CAN)","Surf Cup Super White U17"
"MVP Rapids Navy B00","MAPLE VALLEY PREMIER MVP RAPIDS 00 NAVY (WA)","Bigfoot Silver U17"
"MVP Rapids Navy B00","MAPLE VALLEY SAMVP RAPIDS 00 NAVY","Central WA Super Cup Boys U17 Gold"
"MVP Rapids Navy B00","MVP Rapids 00 Navy","PSPL Classic 2 U17"
"MVP Rapids Navy B00","MVP Rapids '00 Navy","Sounders FC Cup BU17"
"MVP Rapids Navy B00","MVP Rapids 00 Navy","Starfire Spring Classic BU17"
"MVP Rapids Navy B00","MVP RAPIDS 00 NAVY (WA)","WA Cup HS Silver U17"
"MVP Rapids Navy B01","MVP Rapids B01","KITG BU16-17 Green"
"NASA Elite B00","NASA 00 ELITE (GA)","Surf Cup Black U17"
"Nationals Union Black B00","Nationals Union 00 Black (MI)","USYS National League U17"
"NDSC United B00","ND U17 UNITED (CANADA)","SX Cup Boys U17/18 Gold - Tier 3 U17"
"NEU White B00","NORTHEAST UNITED 00 WHITE (OR)","Bend Premier Cup Timbers Super Group (U16/U17) U17"
"NEU White B00","NEU PDX 00B White","Win OYS B00 Division 1 Green"
"NEU White B01","NORTHEAST UNITED 01 WHITE (OR)","Bend Premier Cup Timbers Super Group (U16/U17) U17"
"Newport FC B00","Newport FC Cosmos","Crossfire Select U17"
"Newport FC B00","Newport FC BU00","Eastside FC Cup BU17"
"Newport FC B00","Newport FC B00","NPSL Division 2 (00) U17"
"NFFC Red B00","NFFC B2000 RED","FWRL CAS B00"
"NHB FC Black B00","NHB FC NHB BLACK (CAS)","Las Vegas Invit U-16/17 Boys U17"
"NM Rush Nike B00","RUSH NM RUSH 2000 BOYS (NM)","Showcase of Champions Boys U17/16 Diamond U17"
"Nortac Colibri B00","Nortac Colibri B00 Rene","NPSL Division 1 (00) U17"
"Nortac Colibri B00","Colibri","Starfire Spring Classic BU17"
"Nortac Colibri B00","Colibri Boys U17","WYS Presidents Cup B00"
"Nortac Sparta Red B00","Nortac Sparta B00 Red","Blast Off B2000 B"
"Nortac Sparta Red B00","Sparta B00 Red","Crossfire Select U17"
"Nortac Sparta Red B00","Sparta B00 Red","Labor Day Cup BU17 Silver"
"Nortac Sparta Red B00","NORTAC SPARTA B00 Red","PSPL Classic 2 U17"
"Nortac Sparta Red B00","NORTAC SPARTA B00 RED (WA)","WA Cup HS Bronze U17"
"Northbay YSL Timbers B00","NORTHBAY YSL TIMBERS 00 BOYS (CAN)","Surf Cup White U17"
"Notts Forest Red B00","NOTTS FOREST FC '00 RED (CAS)","Surf Cup Black U17"
"Notts Forest Red B00","NOTTS FOREST FCB00 RED","NHB Cup Flight 1"
"Notts Forest Red B00","NOTTS FOREST FC B00 RED (CAS)","NV Players Showcase Mirage U17"
"Notts Forest Red B00","NOTTS FOREST FC B00 RED (CAS)","Albion Cup 2000 Showcase U17"
"Notts Forest Red B00","NOTTS FOREST FC B00 RED (CAS)","Manchester City Cup Gold U17"
"NPSA Titans Navy B00","NPSA B00 TITANS","Central WA Super Cup Boys U17 Gold"
"NPSA Titans Navy B00","NPSA B00 Navy Bellevue","PSPL WSPL 2 U17"
"NPSA Titans Navy B00","NPSA Bellevue B00 Navy","Rainier Challenge Samba U17"
"NPSA Titans Navy B00","NPSA Titans B00 Navy Bellevue","Skagit Firecracker Gold U17"
"NPSA Titans Navy B00","NPSA B00 TITANS (WA)","WA Cup HS Gold U17"
"NSC Impact B00","NYSA Impact","Crossfire Select U17"
"NSC Impact B00","NSC Impact","Labor Day Cup BU17 Silver"
"NSC Impact B00","NSC B00 Impact","NPSL Division 1 (00) U17"
"NSYSL Southwest Gunners B00","NSYSL SOUTHWEST GUNNERS 00 (NV)","NV Players Showcase Mandalay Bay U17"
"NVFC Selects B99","NVFC METRO 99 (CND)","SX Cup Boys U17/18 Metro - Tier 2 U17"
"NVFC Selects Fury B99","NVFC SELECTS 99 - FURY (CND)","SX Cup Boys U17/18 Metro - Tier 2 U17"
"NW United Black B00","NWU BU-17 Martin","Rainier Challenge Samba U17"
"NW United Black B00","NorthWest United B00 A Black","RCL B00 Div 3"
"NW United Black B00","NORTHWEST UNITED NWU 00 MARTIN (WA)","Showcase of Champions Boys U17/16 Platinum U17"
"NW United Black B00","NWU Black / Martin","Skagit Firecracker Gold U17"
"NW United Black B00","NORTHWEST UNITED NWU 00 BLACK (WA)","WA Rush Cup B00 Gold U17"
"NW United Black B00","NorthWest United B00 A Black","WYS Presidents Cup B00"
"NW United Black B01","53 NWU U16 Moe","Baker Blast U16-17"
"NWSC Impact B00","NSC U17B IMPACT (OR)","Nike Crossfire Challenge Silver Group U17"
"NWSC Impact B00","NSC U17B IMPACT (OR)","Oswego Nike Cup U17 Boys U17"
"NWSC Impact B00","NSC 00B Impact","Win OYS B00 Division 1 White"
"NYSA Anfield United B00","NYSA ANFIELD UNITED (NV)","Las Vegas Invit U-16/17 Boys U17"
"NYSA Anfield United B00","NYSA ANFIELD UNITED (NV)","NV Players Showcase Mandalay Bay U17"
"OBGC Rangers Blue B00","OBGC RANGERS BLUE (MD)","NV Players Showcase USYS National League U17"
"OBGC Rangers Blue B00","OBGC Rangers Blue 2000 (MD)","USYS National League U17"
"Oceanside Breakers Black B00","OCEANSIDE BREAKERS B00 BLACK (CAS)","Albion Cup 2000 Showcase U17"
"Ohio Premier Green B00","OHIO PREMIER GREEN (OS)","NV Players Showcase Mirage U17"
"Olympiacos-Melendres B00","Olympiacos B00 Balboa","SCDL Fl1 U17"
"Olympiacos Academy B00","Olympiacos B00 Academy","SCDL Fl1 U17"
"Olympiacos Red B00","Olympiacos B00 RED","SCDL Fl1 U17"
"Oxnard PAL B00","OXNARD PAL (CAS)","Albion Cup 2000 Showcase U17"
"Pacific FC Blue-United B00","PACIFIC FC 00 BLUE LUNDEEN (WA)","Bend Premier Cup Timbers Super Group (U16/U17) U17"
"Pacific FC Blue-United B00","Pacific FC B00-United","PSPL WSPL 1 U17"
"Pacific FC Blue-United B00","Pacific FC B00 - Lundeen","Seattle United Cup BU17"
"Pacific FC Blue-United B00","PACIFIC FC 00 BLUE LUNDEEN (WA)","WA Cup HS Gold U17"
"Pacific FC Blue B01","PACIFIC FC PACIFIC 01 BLUE (WA)","Bend Premier Cup Timbers Super Group (U16/U17) U17"
"Pacific FC Orange-Galaxy B00","PACIFIC FC 00 ORANGE (WA)","Bigfoot Silver U17"
"Pacific FC Orange-Galaxy B00","Pacific FC 00 Orange","PSPL Classic 2 U17"
"Pacific SC Los Alamitos B00","PACIFIC SC LOS ALAMITOS FALSKEN (CAS)","NV Players Showcase MGM U17"
"PacNW Blue B00","PACNW 00 BLUE (WA)","Nike Crossfire Challenge Silver Group U17"
"PacNW Blue B00","PacNW 00 Blue","Rainier Challenge Samba U17"
"PacNW Blue B00","PacNW B00 Blue B","RCL B00 Div 3"
"PacNW Blue B00","PACNW 00 BLUE (WA)","WA Rush Cup B00 Silver U17"
"PacNW Blue B00","PacNW B00 Blue B","WYS Presidents Cup B00"
"PacNW Blue B00","PacNW B00 Blue","PacNW Winter Classic Premier U17"
"PacNW Maroon B00","PacNW B00 Maroon A","FWRL B00"
"PacNW Maroon B00","PacNW 00 Maroon","Rainier Challenge Samba U17"
"PacNW Maroon B00","PacNW B00 Maroon A","RCL B00 Div 1"
"PacNW Maroon B00","PACIFIC NORTHWEST SC PACNW 00 MAROON (WA)","WA Rush Cup B00 Gold U17"
"PacNW Maroon B00","PacNW B00 Maroon A","WYS Championship B00"
"PacNW Maroon B01","PacNW 01 Maroon","PacNW Winter Classic Premier II U17"
"PacNW White B00","PacNW B00 White","Labor Day Cup BU17 Silver"
"PacNW White B00","PACIFIC NORTHWEST SC PACNW 00 WHITE (WA)","Oswego Nike Cup U17 Boys U17"
"PacNW White B00","PacNW B00 White","Rainier Challenge Copa U17"
"PacNW White B00","PacNW B00 White C","RCL B00 Div 4"
"PacNW White B00","PACIFIC NORTHWEST SC PACNW 00 WHITE (WA)","WA Rush Cup B00 Silver U17"
"PacNW White B00","PacNW B00 White","PacNW Winter Classic Premier II U17"
"PacNW White B00","PacNW B00 White C","WYS Presidents Cup B00"
"Palo Alto SC Blue B00","Palo Alto 00B Blue","Nomads Thanksgiving 1st Division U17"
"Palo Alto SC Blue B00","PALO ALTO SC 00B BLUE (CAN)","Manchester City Cup Gold U17"
"Parsippany SC B00","PARSIPPANY SC NPL-00 (NJ)","Surf Cup Black U17"
"Paso Del Norte Barcelona B00","PASO DEL NORTE BARCELONA TEXAS CARRASCO 2000 (TXS)","Manchester City Cup Gold U17"
"Paso Del Norte Southwest Rush B00","PASO DEL NORTE SOUTHWEST RUSH NAVARRETE 00/01 (TXS)","Albion Cup 2000 Showcase U17"
"Pateadores Huntington Beach White B00","Pateadores - HB B2000 White","SCDL Fl1 U17"
"Pateadores LB Blue B00","Pateadores Long Beach B2000 Blue","Nomads Thanksgiving 1st Division U17"
"Pateadores LB Blue B00","PATEADORES LONG BEACH (CAS)","NV Players Showcase MGM U17"
"Pateadores LB Blue B00","Pateadores - Long Beach B2000 Blue","SCDL Fl1 U17"
"Pateadores LB Blue B00","PATEADORES RUIZ (CAS)","Albion Cup 2000 Showcase U17"
"Pateadores PYL B00","PATEADORES PYL 2000 (CAS)","NV Players Showcase MGM U17"
"Pateadores Riverside B00","Pateadores Riverside B00","Nomads Thanksgiving 1st Division U17"
"Pateadores Riverside B00","Pateadores - Riverside B00","SCDL Fl1 U17"
"PCSC Cosmos B00","PCSC COSMOS FC B00 (WA)","Nike Crossfire Challenge Super Group U17"
"PCSC Cosmos B00","PCSC Cosmos FC","PSPL WSPL 1 U17"
"PCSC Cosmos B00","PCSC Cosmos FC 00","US Club Regionals 2000"
"PCU -Unk B00","PCU 2000 (OR)","Oswego Nike Cup U17 Boys U17"
"PCU Black B00","PCU 00B Black","Crossfire Select U17"
"PCU Black B00","PCU 00B Black","Win OYS B00 Division 1 Green"
"PCU Red B00","PCU 00B Red","Beaverton Cup BU17 Gold"
"PCU Red B00","PCU 00B Red FWRL","FWRL B00"
"PCU Red B00","PCU 00B Red FWRL","Win OYS B00 Premier"
"PCU Red B00","PORTLAND CITY UNITED PCU 00B RED (OR)","NV Players Showcase MGM U17"
"PCU Red B00","PCU 00B Red FWRL","OYS State Cup B00"
"PCU Red B98","PORTLAND CITY U RED (TBA)","Showcase of Champions Boys U17/16 Platinum U17"
"PCU Red B99","PORTLAND CITY UNITED PCU 99B RED (OR)","Showcase of Champions Boys U17 Diamond U17"
"PCU White B00","PCU 00B White","Win OYS B00 Division 1 White"
"Pelada FA Athletic B00","PFA 00B Athletic","Win OYS B00 Division 1 White"
"Phoenix Premier Black B00","Phoenix Premier 00 Boys Black","Nomads Thanksgiving 1st Division U17"
"Phoenix Premier Black B00","PHOENIX PREMIER FC 00B BLACK (AZ)","NV Players Showcase MGM U17"
"Pittsburgh Riverhounds Academy B00","PITTSBURGH RIVERHOUNDS RIVERHOUNDS ACADEMY 2000 BOYS (PAW)","NV Players Showcase Mirage U17"
"Placer United Gold B00","PLACER UNITED SC 00B GOLD (CAN)","Surf Cup Super White U17"
"Placer United Gold B00","PLACER UNITED 00B GOLD (CAN)","Surf College Showcase Super Black U17"
"Placer United Gold B00","PLACER UNITED 00B GOLD","NorCal NPL 00 NPL 1 East"
"Players Academy White B00","PLAYERS 01 BOYS ACADEMY WHITE (NV)","Las Vegas Invit U-16/17 Boys U17"
"Players Elite B00","PLAYERS SC 00 ELITE BOYS","FWRL Desert 2000 U17"
"Players Elite B00","PLAYERS SC PLAYERS 00 BOYS ELITE (NV)","NV Players Showcase Mirage U17"
"Port Moody Gunners B00","PORT MOODY GUNNERS (CANADA)","SX Cup Boys U17/18 Gold - Tier 3 U17"
"Portland Spartans FC Academy B00","PORTLAND SPARTANS FC BU16 ACADEMY (OR)","Showcase of Champions Boys U17 Diamond U17"
"Prince George Timberwolves B00","PGYSA PRINCE GEORGE TIMBERWOLVES (CANADA)","SX Cup Boys U17/18 Gold - Tier 3 U17"
"Protouch Elite B00","PRO TOUCH WC RUSH PRO TOUCH (CND)","WA Rush Cup B00 Gold U17"
"PSA Force Black B00","PILCHUCK SOCCER ALLIANCE - FORCE B00 FORCE_HUESTIS (WA)","Bigfoot Silver U17"
"PSA Force Black B00","PSA B00 Force- Huestis","Crossfire Select U17"
"PSA Force Black B00","PSA B00 Force_Huestis","NPSL Division 2 (00) U17"
"PSA Force Black B00","PILCHUCK SOCCER ALLIANCE - FORCE B00 FORCE_HUESTIS (WA)","WA Rush Cup B00 Silver U17"
"PSPL Academy B00","PSPL Surf Academy B00","Americas Cup BU17"
"PSPL Academy B00","PSPL SURF ACADEMY B'00 (WA)","Showcase of Champions Boys U17/16 Platinum U17"
"PSPL Academy B00","PSPL SURF ACADEMY B'00 (WA)","Surf Cup White U17"
"PSPL Academy B00","PSPL SURF ACADEMY B'00 (WA)","Surf College Showcase Super Black U17"
"PSPL Academy B00","PSPL SURF ACADEMY B'00 (WA)","Manchester City Cup Gold U17"
"Pumas UNAM B00","Pumas B00 Winlock","Labor Day Cup BU17 Silver"
"Pumas UNAM B00","Pumas UNAM 00 Winlock","PSPL Classic 2 U17"
"Pumas UNAM B00","Pumas Unam Winlock BU17","Sounders FC Cup BU17"
"PVSC United Benfica B01","PVSC UNITED BENFICA (ID)","Canyon Rim Classic U16-17B U17"
"Queen City United B00","QUEEN CITY SOCCER QC UNITED U17 BOYS (CND)","NV Players Showcase MGM U17"
"Real So Cal White B00","Real So Cal - SCV B2000 White","Nomads Thanksgiving 1st Division U17"
"Real So Cal White B00","Real So Cal - SCV B2000W - Jovel","SCDL Fl1 U17"
"Richmond FC Gunners B00","RICHMOND FC GUNNERS (CND)","SX Cup Boys U17/18 Gold - Tier 3 U17"
"Richmond United B00","RICHMOND FC UNITED (CANADA)","SX Cup Boys U17/18 Metro - Tier 2 U17"
"Rio Rapids SC B00","RIO RAPIDS SC 00 (NM)","Surf College Showcase Super White U17"
"River Valley Rovers Blue B00","RIVER VALLEY ROVERSRVR BLUE","NHB Cup Flight 1"
"Riverside FC MGFM White B00","RIVERSIDE MGFM SOCCER MGFM B00 WHITE (CAS)","NV Players Showcase MGM U17"
"RSA Elite B00","RSA Elite B00 Ramirez","Labor Day Cup BU17 Gold"
"RSA Elite B00","RSA Elite B00 Ramirez","PSPL WSPL 2 U17"
"RSA Elite B00","RSA Elite B00 Ramirez","Seattle United Cup BU17"
"RSA Elite B00","Rainier Soccer Alliance Ramirez U17","Skagit Firecracker Gold U17"
"RSA Elite B00","RAINIER SOCCER ALLIANCE RSA ELITE B00 RAMIREZ (WA)","WA Cup HS Silver U17"
"RSA Elite B01","RSA Elite B01","KITG BU16-17 Green"
"RVSC Timbers Red B00","RVT 00B Red","Win OYS B00 Premier"
"RVSC Timbers Red B00","RVT 00B Red","OYS State Cup B00"
"RVSC Timbers White B00","RVT 00B White","Win OYS B00 Division 1 White"
"Sacramento United Reds B00","SACRAMENTO UNITED B00 REDS RED (CAN)","Surf Cup Super White U17"
"Sacramento United Reds B00","SACRAMENTO UNITED 00B RED (CAN)","Surf College Showcase Super White U17"
"Sacramento United Reds B00","SACRAMENTO UNITED 00B RED","NorCal NPL 00 NPL 1 East"
"Sagebrush SC Real B00","SAGEBRUSH SC REAL (NV)","Surf Cup Super White U17"
"Salem Chelsea B00","4-H CHELSEA B00 (OR)","Oswego Nike Cup U17 Boys U17"
"Salem Chelsea B00","4-H CHELSEA B00 (OR)","Timbers Winter Showcase 2000 Showcase U17"
"Salem Chelsea B00","4-H 00B Chelsea","Win OYS B00 Premier"
"Salem Chelsea B00","4-H 00B Chelsea","OYS State Cup B00"
"San Diego Futbol Academy B00","San Diego Football Academy","Nomads Thanksgiving 1st Division U17"
"San Diego SC Academy Navy B00","SDSC ACADEMY NAVY BLUE (CAS)","Surf Cup White U17"
"San Diego SC Academy Navy B00","San Diego SC B2000 Academy Navy","Nomads Thanksgiving 1st Division U17"
"San Diego SC Academy Navy B00","SAN DIEGO B2000 ACADEMY NAVY (CAS)","NV Players Showcase Mandalay Bay U17"
"San Diego SC Academy Navy B00","San Diego Soccer Club B2000 ACADEMY Navy","SCDL Fl1 U17"
"San Diego SC Academy Navy B00","SAN DIEGO SDSC B2000 LINENBERGER (CAS)","Albion Cup 2000 Showcase U17"
"San Diego SC Academy Orange B00","SAN DIEGO SC SDSC 00 ORANGE (SIDEBOTTOM) (CAS)","Carlsbad Nov Nights College Showcase Elite U17"
"San Diego SC Academy Orange B00","SAN DIEGO SC SDSC 00 ORANGE (SIDEBOTTOM) (CAS)","NV Players Showcase Mirage U17"
"San Diego SC Academy Orange B00","San Diego Soccer Club B2000 Academy Orange","SCDL Fl1 U17"
"San Diego Surf SC Academy I B00","SD SURF SC ACADEMY 2000 (PETERSEN) (CAS)","Surf College Showcase Black U17"
"San Diego Surf SC Academy I B00","SAN DIEGO SURF ACADEMY BOYS 2000 (PETERSEN) (CAS)","Manchester City Cup Gold U17"
"San Diego Surf SC Academy Peterson B00","SD SURF ACADEMY (PETERSEN) (CAS)","Surf Cup White U17"
"San Diego Surf SC Academy Select B00","SD SURF ACADEMY (ROGERS) 2000 (CAS)","Surf Cup White U17"
"San Diego Surf SC Academy Select B00","San Diego Surf Academy Boys Select 2000","SCDL Fl1 U17"
"San Diego Surf SC Academy Select B00","San Diego Surf Academy Boys (Rogers) 2000","SCDL Fl1 U17"
"San Francisco Academy Elite B00","SF ELITE ACADEMY SF ELITE 00B (CAN)","Surf College Showcase Black U17"
"San Jose Earthquakes CV Pre-Academy B00","CV SJ EARTHQUAKES 00B PRE-ACADEMY","FWRL CAN CRL U17"
"San Jose Earthquakes CV Pre-Academy B00","CV/SJEQ 2000B PDA I","FWRL CAN CRL U17"
"San Juan SC Lightning Blue B00","SAN JUAN SC LIGHTNING 00 RON (CAN)","Surf Cup Black U17"
"San Juan SC Lightning White B00","SAN JUAN SC LIGHTNING 00 IAIN (CAN)","Surf Cup Super White U17"
"San Juan SC Lightning White B00","SAN JUAN SC LIGHTNING 00 IAIN","NorCal NPL 00 NPL 1 East"
"Santa Barbara SC Academy B00","SANTA BARBARA SC ACADEMY (CAS)","NV Players Showcase Mirage U17"
"Santa Clara Sporting Green B00","SANTA CLARA SPORTING 00B GREEN (CAN)","Surf Cup Super Black U17"
"Santa Clara Sporting Green B00","SANTA CLARA SPORTING 00B GREEN","FWRL CAN CRL U17"
"Santa Clara Sporting Green B00","SANTA CLARA SPORTING00B GREEN","NHB Cup Flight 1"
"Santa Clara Sporting Green B00","SC Sporting 00B Green","Nomads Thanksgiving 1st Division U17"
"Santa Clara Sporting White B00","SANTA CLARA SPORTING 00B WHITE","FWRL CAN CRL U17"
"Santa Monica United B00","SANTA MONICA UNITED B00 (CAS)","Surf Cup Black U17"
"Santa Monica United B00","SANTA MONICA UNITED B00 (CAS)","Surf College Showcase Super White U17"
"Santa Monica United B00","SANTA MONICA UNITED B00","NHB Cup Flight 1"
"Santa Rosa United Gold B00","SANTA ROSA UNITED 00B GOLD (CAN)","Surf Cup Super White U17"
"Santos FC Beavers B00","FC Santos","Crossfire Select U17"
"Santos FC Beavers B00","Santos FC 00B Beavers","Win OYS B00 Division 1 Green"
"Santos FC Beavers B00","Santos FC 00B Beavers","OYS State Cup B00"
"SC del Sol B00","SC DEL SOL 00 BOYS","FWRL Desert 2000 U17"
"SC Del Sol B00","SC DEL SOL 2000 BOYS","NHB Cup Flight 1"
"Scottsdale Blackhawks B00","SCOTTDALE BLACKHAWKS 00 BOYS BURKE","FWRL Desert 2000 U17"
"Scottsdale Blackhawks B00","SCOTTSDALE BLACKHAWKS 00 BOYS (AZ)","NV Players Showcase USYS National League U17"
"Scottsdale Blackhawks B00","Scottsdale Blackhawks 00 Boys Burke (AZ)","USYS National League U17"
"Seattle Sounders B01","Seattle Sounders FC U15","FWRL B00"
"Seattle United Copa B00","Seattle United B00 Copa A","FWRL B00"
"Seattle United Copa B00","SEATTLE UNITED B00 COPA (WA)","Nike Crossfire Challenge Super Group U17"
"Seattle United Copa B00","Seattle United B00 Copa A","RCL B00 Div 1"
"Seattle United Copa B00","SEATTLE UNITED B00 COPA (WA)","Surf Cup Super Black U17"
"Seattle United Copa B00","Seattle United B00 Copa A","WYS Championship B00"
"Seattle United Copa B00","SEATTLE UNITED B00 COPA (WA)","NV Players Showcase USYS National League U17"
"Seattle United Copa B00","Seattle United Copa (WA)","USYS National League U17"
"Seattle United S Black B00","Seattle United South B00 Black","NPSL Division 1 (00) U17"
"Seattle United S Black B00","Seattle United South Black","Starfire Spring Classic BU17"
"Seattle United S Black B00","Seattle United B00 Black","Xtreme Cup BU17"
"Seattle United S Black B00","Seattle United South B00 Black","Founders Cup B00 Div A"
"Seattle United S Blue B00","SEATTLE UNITED SOUTH B00 BLUE (WA)","Bigfoot Gold U17"
"Seattle United S Blue B00","Seattle United South B00 Blue","NPSL Division 1 (00) U17"
"Seattle United S Blue B00","SEATTLE UNITED SOUTH B00 BLUE (WA)","REDAPT Cup Silver U17"
"Seattle United S Blue B00","Seattle United South B00 Blue","Seattle United Cup BU17"
"Seattle United S Blue B00","Seattle United South B00 Blue","Founders Cup B00 Div A"
"Seattle United Samba B00","Seattle United B00 Samba","Labor Day Cup BU17 Gold"
"Seattle United Samba B00","Seattle United B00 Samba C","RCL B00 Div 3"
"Seattle United Samba B00","SEATTLE UNITED SAMBA B00 (WA)","REDAPT Cup Gold U17"
"Seattle United Samba B00","Seattle United B00 Samba C","WYS Presidents Cup B00"
"Seattle United Samba B01","34 Seattle United B01 Samba","Pacific Coast Challenge U16-17"
"Seattle United Shoreline Blue B00","56 Seattle United B00 Shoreline Blue","Baker Blast U16-17"
"Seattle United Shoreline Blue B00","SU Shoreline B00 Blue","Crossfire Select U17"
"Seattle United Shoreline Blue B00","Seattle United SH B00 Blue","NPSL Division 1 (00) U17"
"Seattle United Shoreline Blue B00","SEATTLE UNITED B00 SHORELINE BLUE (WA)","REDAPT Cup Silver U17"
"Seattle United Shoreline Blue B00","Seattle United Shoreline B00 Blue","Seattle United Cup BU17"
"Seattle United Shoreline Blue B00","Seattle United SH B00 Blue","Founders Cup B00 Div A"
"Seattle United Tango B00","SEATTLE UNITED B00 TANGO (WA)","Nike Crossfire Challenge Gold Group U17"
"Seattle United Tango B00","Seattle United B00 Tango B","RCL B00 Div 2"
"Seattle United Tango B00","SEATTLE UNITED B00 TANGO (WA)","WA Rush Cup B00 Gold U17"
"Seattle United Tango B00","Seattle United B00 Tango B","WYS Presidents Cup B00"
"Seattle United W Blue B00","SEATTLE UNITED B00 WEST BLUE (WA)","Bigfoot Silver U17"
"Seattle United W Blue B00","Seattle United West B00 Blue","NPSL Division 1 (00) U17"
"Seattle United W Blue B00","SEATTLE UNITED B00 WEST BLUE (WA)","REDAPT Cup Silver U17"
"Seattle United W Blue B00","Seattle United B00 West Blue","River Jam Samba U17"
"Seattle United W Blue B00","Seattle United West B00 Blue","Seattle United Cup BU17"
"Seattle United W Blue B00","Seattle United West B00 Blue","Founders Cup B00 Div A"
"Seleccion Coridica Mexico B00","CORDICA SELECCION (MEX)","Surf Cup Super Black U17"
"Sereno White B00","SERENO 00 BOYS WHITE (AZ)","Surf Cup White U17"
"Sereno White B00","SERENO 00 BOYS WHITE","FWRL Desert 2000 U17"
"Sereno White B00","SERENO 00 BOYS WHITE*","NHB Cup Flight 1"
"Sereno White B00","SERENO 00 BOYS WHITE* (AZ)","Manchester City Cup Gold U17"
"SFC -Unk B00","SFC 00B","OYS State Cup B00"
"SGESC Fusion B00","SGEO Fusion B00","KITG BU16-17 Green"
"SGESC Fusion B00","SGEOSC Fusion 00' Morisset","PSPL Classic 2 U17"
"SGESC Fusion B00","Fusion '00","River Jam Samba U17"
"SGESC Fusion B00","SGEO Fusion 2000 Boys","Seattle United Cup BU17"
"SGESC Fusion B00","SGEO FUSION 00' MORISSET (WA)","WA Cup HS Bronze U17"
"SGU B01","SGU 2001 - NEWTON (CND)","SX Cup Boys U17/18 Gold - Tier 3 U17"
"Simi Valley Eclipse B00","SIMI VALLEY ECLIPSE (CAS)","NV Players Showcase MGM U17"
"Slammers FC B00","SLAMMERS FC (CAS)","NV Players Showcase Mirage U17"
"Slammers FC B00","Slammers FC B2000","SCDL Fl1 U17"
"Slammers FC DA1 B00","SLAMMERS FC B00 DA1 (CAS)","Manchester City Cup Silver U17"
"Slammers FC DA2 B00","SLAMMERS FC B00 DA2 (CAS)","Manchester City Cup Silver U17"
"Slammers Orange B00","RAINIER VALLEY SLAMMERS RVS BOO ORANGE (WA)","Nike Crossfire Challenge Silver Group U17"
"Slammers Orange B00","RVS B00 Orange","RCL B00 Div 3"
"Slammers Orange B00","RVS B00 Orange","WYS Presidents Cup B00"
"SLSG Elite B00","SLSG 2000 Elite (MO)","USYS National League U17"
"Snohomish United Black B00","SNOHOMISH UNITED B00 BLACK A-SARDON (WA)","Bigfoot Gold U17"
"Snohomish United Black B00","SNOHOMISH UNITED B00 BLACK A-SARDON (WA)","Nike Crossfire Challenge Gold Group U17"
"Snohomish United Black B00","SNOHOMISH UNITED BLACK A","RCL B00 Div 2"
"Snohomish United Black B00","SNOHOMISH UNITEDB00 BLACK A-SARDON","Snohomish United Invit Gold"
"Snohomish United Black B00","SNOHOMISH UNITED BLACK A","WYS Presidents Cup B00"
"Snohomish United Red B00","SNOHOMISH UNITED B00 RED B - GOODFELLOW (WA)","Bigfoot Silver U17"
"Snohomish United Red B00","SNOHOMISH UNITED RED B","RCL B00 Div 4"
"Snohomish United Red B00","SNOHOMISH UNITED B00 RED B - GOODFELLOW (WA)","REDAPT Cup Silver U17"
"Snohomish United Red B00","SNOHOMISH UNITED RED B","WYS Presidents Cup B00"
"So Cal Rush B00","SO CAL RUSH TDP B00 (CAS)","NV Players Showcase MGM U17"
"Soccer Life Academy B00","Soccer Life Academy - Boys 2000 VC","Nomads Thanksgiving 1st Division U17"
"Solar Chelsea B00","SOLAR CHELSEA 00B WELLS (F: ANDROFC) (TXN)","NV Players Showcase Mirage U17"
"South Los Angeles United Pre-Academy B00","LOS ANGELES UNITED FA PRE-ACADEMY 2000 (CAS)","Surf Cup Super White U17"
"Southlake Select Eagles B00","GRJSA SOUTHLAKE SELECT 00 EAGLES (WA)","Bigfoot Silver U17"
"Southlake Select Eagles B00","Southlake Select B00 Eagles","NPSL Division 1 (00) U17"
"Sparta United Premier B00","SPARTA UNITED SPARTA 00 PREMIER JK","FWRL Desert 2000 U17"
"Sparta United Premier B00","SPARTA UNITED SPARTA 00 PREMIER JK (UT)","NV Players Showcase USYS National League U17"
"Sparta United Premier B00","Sparta 00 JK (UT)","USYS National League U17"
"Spokane Scotties Manthei B00","SPOKANE SCOTTIES SCOTTIES ~ MANTHEI B00 (WA)","River City Cup U16-U17 Boys ('01/'00) U17"
"Spokane Sounders A B00","SPOKANE SOUNDERS B00A (WA)","Nike Crossfire Challenge Super Group U17"
"Spokane Sounders A B00","Spokane Sounders B00-A","RCL B00 Div 2"
"Spokane Sounders A B00","SPOKANE SOUNDERS 00 (USA)","Showcase of Champions Boys U17/16 Diamond U17"
"Spokane Sounders A B00","SPOKANE SOUNDERS B2000-A (WA)","Surf Cup White U17"
"Spokane Sounders A B00","Spokane Sounders B00-A","WYS Championship B00"
"Sporting International B00","SPORTING INERNATIONAL (PUR)","NV Players Showcase Mandalay Bay U17"
"Sporting St Croix B00","SPORTING ST CROIX ACADEMY (MN)","NV Players Showcase Mirage U17"
"St Louis Scott Gallagher SC Elite B00","ST. LOUIS SCOTT GALLAGHER SC ELITE 2000 (MO)","NV Players Showcase USYS National League U17"
"Sting SC Timbers B00","STING TIMBERS FC 00B (ID)","WA Cup HS Bronze U17"
"Sting SC Timbers B00","STING TIMBERS FC 00B (ID)","NV Players Showcase MGM U17"
"Sting SC Timbers B00","STING TIMBERS FC 00B (ID)","ID State Cup Boys U17 U17"
"Stockton Monarcas FC Academy B00","MONARCAS ACADEMY 00B (CAN)","Surf College Showcase Black U17"
"Stockton Monarcas FC Academy Red B00","MONARCAS ACADEMY 00B RED (CAN)","Surf Cup Super White U17"
"Strikers FC Mission Viego B00","Strikers FC - Mission Viejo B2000 Sorrell","SCDL Fl1 U17"
"Strikers FC Mission Viego B00","Strikers FC - Mission Viejo B2000 Zavalkov","SCDL Fl1 U17"
"Strikers FC North B00","STRIKERS FC NORTH B00 MCMANUS (CAS)","NV Players Showcase MGM U17"
"Strikers FC North B00","Strikers FC - North B00 SM","SCDL Fl1 U17"
"Strikers FC North B00","STRIKERS FC NORTH B00 MCMANUS (CAS)","Manchester City Cup Silver U17"
"Strikers FC North Black B00","STRIKERS FC NORTH B00 BLACK HM (CAS)","NV Players Showcase MGM U17"
"Strikers FC North Fisher B00","STRIKERS FC NORTH B00 FISHER (CAS)","Albion Cup 2000 Cup U17"
"Strikers FC North JL B00","Strikers FC - North B00 JL","SCDL Fl1 U17"
"Strikers FC North JL B00","STRIKERS FC NORTH 2000 JL (CAS)","Surf College Showcase Black U17"
"Strikers FC North USA Soccer Stars B00","STRIKERS FC NORTH 2000 USA SOCCER STARS (CAS)","Surf Cup Super Black U17"
"Strikers FC North USA Soccer Stars B00","STRIKERS FC NORTH2000 USA SOCCER STARS","NHB Cup Flight 1"
"Strikers FC SB Black B00","Strikers FC - South Bay B00 Black","Nomads Thanksgiving 1st Division U17"
"Strikers FC SB Black B00","Strikers FC - South Bay B2000 Black","SCDL Fl1 U17"
"Strikers FC SB Gold B00","STRIKERS FC SOUTH BAY GOLD (CAS)","Surf Cup Black U17"
"Strikers FC SB Gold B00","Strikers Southbay|Gold","FWRL CAS B00"
"Strikers FC SB Gold B00","STRIKERS FC SOUTH BAYSTRIKERS FC SOUTH BAY GOLD","NHB Cup Flight 1"
"Strikers FC SB Gold B00","Strikers FC - South Bay B2000 Gold","SCDL Fl1 U17"
"Sun Valley Blue B01","SUN VALLEY 2001 BOYS-BLUE (ID)","Canyon Rim Classic U16-17B U17"
"Surrey FC Liverpool B00","SURREY FOOTBALL SFC LIVERPOOL (CND)","SX Cup Boys U17/18 Metro - Tier 2 U17"
"Surrey FC Pegasus B00","SURREY FC PEGASUS (CND)","SX Cup Boys U17/18 Metro - Tier 2 U17"
"Surrey FC Rebels B00","SFC REBELS (CND)","SX Cup Boys U17/18 Gold - Tier 3 U17"
"Surrey United B00","SURREY UNITED BCSPL U16 (CND)","Surf Cup White U17"
"Surrey United B00","SURREY UNITED BCSPL 2000 BOYS (CANADA)","SX Cup Boys U17/18 Premier - Tier 1 U17"
"Surrey United B00","Surrey United SC","BCSPL 2000 U16"
"SVYSA -Unk B00","SVYSA","Skagit Firecracker Gold U17"
"Tanque Verde SC Blue B00","TANQUE VERDE SC00 BOYS BLUE","NHB Cup Flight 1"
"Tanque Verde SC Blue B00","TANQUE VERDE SC 00 BOYS BLUE (AZ)","NV Players Showcase Mirage U17"
"TC United Navy B01","TC United B01 Navy","KITG BU16-17 Green"
"Tecos Hayward SC Fire B00","TECOS HAYWARD SC TECOS FIRE 00","FWRL CAN CRL U17"
"Temecula Valley Hawks B00","Temecula Valley Hawks B2000 Acad","Nomads Thanksgiving 1st Division U17"
"Temecula Valley Hawks B00","Temecula Valley Hawks SC Boys 2000 Academy","SCDL Fl1 U17"
"Tennessee SC B00","Tennessee SC 00 (TN)","USYS National League U17"
"TFA Barcelona CAS B00","TOTAL FUTBOL ACADEMY TFA-FCLA B00 (CAS)","NV Players Showcase Mandalay Bay U17"
"TFA FC Los Angeles B00","TFA-FCLA B-00","Nomads Thanksgiving 1st Division U17"
"TFA FC Los Angeles B00","TFA-FCLA B-00","SCDL Fl1 U17"
"TFA SE LA Barca B00","TOTAL FUTBOL ACADEMYTFA - S.E. LA BARCA","NHB Cup Flight 1"
"TFA Williamette Gold B00","TFA Willamette 00B","Win OYS B00 Division 1 Green"
"Thelo Atlas B00","Thelo United FC 00B Atlas","Win OYS B00 Division 1 Green"
"Thelo Atlas B00","Thelo United FC 00B Atlas","OYS State Cup B00"
"Tijuana Xoloitzcuintles B00","CLUB TIJUANA XOLO FUERZAS BASICAS (MEX)","Surf Cup Super Black U17"
"Toledo Celtics SC Black B00","TOLEDO CELTICS SC TOLEDO CELTICS BOYS 00/01 BLACK (ON)","NV Players Showcase USYS National League U17"
"Toledo Celtics SC Black B00","Toledo Celtics Black (OH-N)","USYS National League U17"
"Tottenham Hotspure East Bay Navy B00","Tottenham Hotspurs East Bay '00 Navy","Nomads Thanksgiving 1st Division U17"
"Treasure Valley Cobra B00","TVSC COBRAS (ID)","ID State Cup Boys U17 U17"
"TSC Hurricane Elite B00","TSC Hurricane 00 Elite (OK)","USYS National League U17"
"Tucson SA Red B00","TUCSON TSA 00 BOYS RED (AZ)","NV Players Showcase MGM U17"
"TUSC Red B00","TUSC 00 Red (TN)","USYS National League U17"
"Tynecastle FC B00","TYNECASTLE FC B00","Central WA Super Cup Boys U17 Gold"
"Tynecastle FC B00","Tynecastle B00","Labor Day Cup BU17 Gold"
"Tynecastle FC B00","Tynecastle FC B00","PSPL Classic 1 U17"
"Union Sacramento FC B00","Union Sacramento FC","Nomads Thanksgiving 1st Division U17"
"United FA 00 Premier B00","United FA 00 Premier (GA)","USYS National League U17"
"United FC Gold B00","United FC B2000 Gold","SCDL Fl1 U17"
"UPSC Lightning B00","UP Lightning","Blast Off B2000 B"
"UPSC Lightning B00","UPSC B00 Lightning","NPSL Division 2 (00) U17"
"UPSC Lightning B00","UP Lightning","River Jam Samba U17"
"Utah Impact B00","IMPACT USC IMPACT MW (UT)","Nike Crossfire Challenge Super Group U17"
"Valparaiso United B00","VALPARAISO UNITED FUTBOL 00 BOYS MT","FWRL Desert 2000 U17"
"Valparaiso United B00","VALPARAISO UNITED FUTBOL 00 BOYS MT (AZ)","NV Players Showcase Mirage U17"
"Vancouver FC B00","VANCOUVER FC U17 BOYS (CANADA)","SX Cup Boys U17/18 Metro - Tier 2 U17"
"Vancouver FC B99","VANCOUVER FC U18 BOYS (CANADA)","SX Cup Boys U17/18 Metro - Tier 2 U17"
"Vancouver Island Wave B00","Vancouver Island Wave","BCSPL 2000 U16"
"Vista Storm Black B00","Vista Storm B2000 Black","Nomads Thanksgiving 1st Division U17"
"Vista Storm Black B00","VISTA STORM B2000 (CAS)","NV Players Showcase MGM U17"
"Vista Storm Black B00","VISTA STORM B00 (CAS)","Albion Cup 2000 Showcase U17"
"WA Rush B00","WASHINGTON RUSH B00 (WA)","Nike Crossfire Challenge Super Group U17"
"WA Rush B00","Washington Rush B00 A","RCL B00 Div 1"
"WA Rush B00","WASHINGTON RUSH B00 (WA)","Showcase of Champions Boys U17 Diamond U17"
"WA Rush B00","WASHINGTON RUSH B00 (WA)","WA Rush Cup B00 Gold U17"
"WA Rush B00","Washington Rush B00 A","WYS Championship B00"
"Warriors -Unk B99","WARRIORS (CND)","Showcase of Champions Boys U17/16 Diamond U17"
"Wasatch Elite B00","Wasatch Elite JF","Nomads Thanksgiving 1st Division U17"
"Washington East SC B00","WASHINGTON EAST B'00 WELLER (WA)","Bigfoot Silver U17"
"Washington East SC B00","Washington East SC B00 Weller","PSPL Classic 1 U17"
"Washington East SC B00","WASHINGTON EASTB'00 WELLER","Spokane Cup Boys U17"
"Washington East SC B00","WE B00","US Club Regionals 2000"
"Washington East SC B00","Washington East B'00 Weller","PacNW Winter Classic Premier II U17"
"Washington Timbers Red B00","WA Timbers 00B Red 1","RCL B00 Div 4"
"Washington Timbers Red B00","WASHINGTON TIMBERS FC B00 REDS (USA)","Timbers Winter Showcase 2000 Showcase U17"
"Washington Timbers Red B00","WA Timbers 00B Red 1","WYS Presidents Cup B00"
"Washington Timbers White 1 B00","WA Timbers 00B White 1","Founders Cup B00 Div A"
"Washington Timbers White 1 B01","WASHINGTON TIMBERS FC WTFC 01 WHITE (WA)","Bend Premier Cup Timbers Super Group (U16/U17) U17"
"Wenatchee FC B00","Wenatchee FC B00-01 Richards","Labor Day Cup BU17 Silver"
"Wenatchee FC B00","Wenatchee FC B00 Richards","PSPL Classic 1 U17"
"Wenatchee Valley United Aguilitas B01","AGULITAS UNITED B01/02","Spokane Cup Boys U17"
"West Coast FC B00","West Coast FC Armour(CAS)","Americas Cup BU17"
"West Coast FC B00","WEST COAST FC ARMOUR (CAS)","Surf Cup Super Black U17"
"West Coast FC B00","West Coast FC B00 Armour","FWRL CAS B00"
"West Coast FC B00","WEST COAST FC ARMOUR (CAS)","Surf College Showcase Super Black U17"
"West Coast FC B00","WEST COAST FC ARMOUR (CAS)","NV Players Showcase USYS National League U17"
"West Coast FC B00","West Coast FC B00 Armour","SCDL Fl1 U17"
"West Coast FC B00","West Coast FC Armour 2000 (CA-S)","USYS National League U17"
"West Coast FC Cloutier B00","WEST COAST FC WCFC BU 2000 CLOUTIER (CAS)","Carlsbad Nov Nights College Showcase Elite U17"
"West Coast FC Cloutier B00","West Coast FC B00 Cloutier","SCDL Fl1 U17"
"Westside Timbers Copa B00","Westside Timbers 00B Copa","Win OYS B00 Premier"
"Westside Timbers Copa B00","WT 00B Copa","Beaverton Cup BU17 Gold"
"Westside Timbers Copa B00","WESTSIDE TIMBERS SC WT B00 COPA (OR)","Showcase of Champions Boys U17/16 Platinum U17"
"Westside Timbers Copa B00","Westside Timbers 00B Copa","OYS State Cup B00"
"Westside Timbers Mundial B00","WT 00B Mundial","Beaverton Cup BU17 Silver"
"Westside Timbers Mundial B00","Westside Timbers 00B Mundial","Win OYS B00 Division 1 White"
"Westside Timbers Samba B00","WT 00B Samba","Beaverton Cup BU17 Gold"
"Westside Timbers Samba B00","WESTSIDE TIMBERS SAMBA B00 (OR)","Timbers Winter Showcase 2000 Showcase U17"
"Westside Timbers Samba B00","Westside Timbers 00B Samba","Win OYS B00 Premier"
"Westside Timbers Samba B00","Westside Timbers 00B Samba","OYS State Cup B00"
"Whatcom Rangers Blue B00","WHATCOM FC WFC RANGERS 00B BLUE (WA)","Bigfoot Silver U17"
"Whatcom Rangers Blue B00","37 WFC Rangers B00 Blue","Pacific Coast Challenge U16-17"
"Whatcom Rangers Blue B00","Whatcom FC Ra - BU00 Blue","RCL B00 Div 4"
"Whatcom Rangers Blue B00","WFC Rangers B00 Blue","Sounders FC Cup BU17"
"Whatcom Rangers Blue B00","Whatcom FC Ra - BU00 Blue","WYS Presidents Cup B00"
"Whatcom Rangers Gold B00","62 WFC Rangers BU17 Gold","Baker Blast Premier U17"
"Whatcom Rangers Gold B00","WHATCOM FC RANGERS BU17 GOLD COLVIN (WA)","Bigfoot Gold U17"
"Whatcom Rangers Gold B00","WHATCOM FC RANGERS BU17 COLVIN (WA)","Nike Crossfire Challenge Gold Group U17"
"Whatcom Rangers Gold B00","Whatcom FC Ra - BU00 Gold","RCL B00 Div 3"
"Whatcom Rangers Gold B00","WHATCOM FC RANGERS BU17 GOLD COLVIN (WA)","WA Rush Cup B00 Gold U17"
"Whatcom Rangers Gold B00","Whatcom FC Ra - BU00 Gold","WYS Presidents Cup B00"
"Whatcom Rangers Gold B01","58 WFC Rangers Boys 2001 Gold","Baker Blast U16-17"
"Whatcom Rangers Gold B01","35 Whatcom FC Rangers B01 Gold","Pacific Coast Challenge U16-17"
"WPFC Black B00","WPFC B00 Black A","FWRL B00"
"WPFC Black B00","WASHINGTON PREMIER FC B00 BLACK (WA)","Nike Crossfire Challenge Super Group U17"
"WPFC Black B00","WPFC B00 Black A","RCL B00 Div 1"
"WPFC Black B00","WASHINGTON PREMIER FC B00 BLACK (WA)","Surf College Showcase Black U17"
"WPFC Black B00","WPFC B00 Black A","WYS Championship B00"
"WPFC Black B00","Washington Premier 2000 Black (WA)","USYS National League U17"
"WPFC Black B00","WASHINGTON PREMIER FC B00 BLACK (WA)","NV Players Showcase USYS National League U17"
"WPFC Navy B00","WASHINGTON PREMIER B00 NAVY (WA)","Nike Crossfire Challenge Silver Group U17"
"WPFC Navy B00","WPFC B00 Navy","Rainier Challenge Copa U17"
"WPFC Navy B00","WPFC B00 Navy C","RCL B00 Div 3"
"WPFC Navy B00","WASHINGTON PREMIER B00 NAVY (WA)","WA Rush Cup B00 Silver U17"
"WPFC Navy B00","Washington Premier FC B00 Navy","PacNW Winter Classic Premier II U17"
"WPFC Navy B00","WPFC B00 Navy C","WYS Presidents Cup B00"
"WPFC White B00","WPFC B00 White","Labor Day Cup BU17 Gold"
"WPFC White B00","WASHINGTON PREMIER FC WPFC B00 WHITE (WA)","Nike Crossfire Challenge Gold Group U17"
"WPFC White B00","WPFC B00 White B","RCL B00 Div 2"
"WPFC White B00","WPFC B00 White","Rainier Challenge Samba U17"
"WPFC White B00","WPFC B00 White B","WYS Presidents Cup B00"
"WPFC White B00","WPFC B00 White","PacNW Winter Classic Premier U17"
"WPFC White B00","WASHINGTON PREMIER FC (WA)","Albion Cup 2000 Cup U17"
"WPFC White B99","WASHINGTON PREMIER FC WPFC B99 WHITE (WA)","Showcase of Champions Boys U17/16 Diamond U17"
"WS Fury B00","West Seattle Fury","Xtreme Cup BU17"
"WSC -Unk B01","57 WSC U16 Boys","Baker Blast U16-17"
"WVSC Rangers B00","54 West Vancouver Soccer Club Rangers","Baker Blast U16-17"
"WVSC Rangers B00","West Vancouver U17 Rangers","Labor Day Cup BU17 Silver"
